dataset,method,group_size,metric,mean,std,n_runs
combat,tissueformer,1,group_accuracy,0.6911907395547866,0.17504481149476522,3
combat,tissueformer,2,group_accuracy,0.7289862880892387,0.010344008960556811,4
combat,tissueformer,4,group_accuracy,0.7836533681344053,0.0652266592089806,3
combat,tissueformer,8,group_accuracy,0.7751485462950845,0.1076404071173054,5
combat,tissueformer,16,group_accuracy,0.7605983025221146,0.1026887815083246,5
combat,tissueformer,32,group_accuracy,0.8252087192128827,0.10554738165808591,5
combat,tissueformer,64,group_accuracy,0.8385123724680147,0.10093664315862734,3
combat,tissueformer,128,group_accuracy,0.6454577934197195,0.08606620339836517,2
combat,tissueformer,256,group_accuracy,0.7848144952545297,0.06784320454524943,2
combat,tissueformer,512,group_accuracy,0.6929425659338615,0.11855340874701316,3
combat,tissueformer,1,group_balanced_accuracy,0.6749801981865847,0.0974221716845243,3
combat,tissueformer,2,group_balanced_accuracy,0.7616188932980458,0.07781949566464089,4
combat,tissueformer,4,group_balanced_accuracy,0.8144730902419589,0.10994603394283328,3
combat,tissueformer,8,group_balanced_accuracy,0.78599722048154,0.09416147415488005,5
combat,tissueformer,16,group_balanced_accuracy,0.7797789184860019,0.09025337908700574,5
combat,tissueformer,32,group_balanced_accuracy,0.8470770330455384,0.07890111918692047,5
combat,tissueformer,64,group_balanced_accuracy,0.8464500931054949,0.0955611351794481,3
combat,tissueformer,128,group_balanced_accuracy,0.645082866755057,0.18658945539249017,2
combat,tissueformer,256,group_balanced_accuracy,0.8720526146579977,0.0803523311340468,2
combat,tissueformer,512,group_balanced_accuracy,0.750726504677193,0.07141273238190153,3
combat,tissueformer,1,donor_majority_accuracy,0.7254901960784315,0.23773246378396354,3
combat,tissueformer,2,donor_majority_accuracy,0.8382352941176471,0.02941176470588236,4
combat,tissueformer,4,donor_majority_accuracy,0.8235294117647057,0.11764705882352933,3
combat,tissueformer,8,donor_majority_accuracy,0.823529411764706,0.11004874666982176,5
combat,tissueformer,16,donor_majority_accuracy,0.8235294117647058,0.08318903308077023,5
combat,tissueformer,32,donor_majority_accuracy,0.8352941176470587,0.10522672835293122,5
combat,tissueformer,64,donor_majority_accuracy,0.8431372549019608,0.12245094114506655,3
combat,tissueformer,128,donor_majority_accuracy,0.6176470588235294,0.12478354962115547,2
combat,tissueformer,256,donor_majority_accuracy,0.7647058823529411,0.08318903308077023,2
combat,tissueformer,512,donor_majority_accuracy,0.7254901960784315,0.1480359693190343,3
combat,tissueformer,1,donor_majority_balanced_accuracy,0.7916666666666666,0.18162078931419473,3
combat,tissueformer,2,donor_majority_balanced_accuracy,0.8880062067562068,0.04099143026093305,4
combat,tissueformer,4,donor_majority_balanced_accuracy,0.8803418803418803,0.09146322532403635,3
combat,tissueformer,8,donor_majority_balanced_accuracy,0.8068294668294669,0.1498632428638104,5
combat,tissueformer,16,donor_majority_balanced_accuracy,0.8240598290598291,0.09897184843302737,5
combat,tissueformer,32,donor_majority_balanced_accuracy,0.8700569800569802,0.08929119627375891,5
combat,tissueformer,64,donor_majority_balanced_accuracy,0.8942307692307692,0.09338975823290688,3
combat,tissueformer,128,donor_majority_balanced_accuracy,0.599537037037037,0.2717123279559418,2
combat,tissueformer,256,donor_majority_balanced_accuracy,0.8573717948717948,0.09292108342515526,2
combat,tissueformer,512,donor_majority_balanced_accuracy,0.8045550128883462,0.13350431836360555,3
combat,random_forest_pseudobulk,1,group_accuracy,0.47177310062576855,0.07020658973795867,5
combat,random_forest_pseudobulk,2,group_accuracy,0.49846662391981567,0.11119150742880868,4
combat,random_forest_pseudobulk,4,group_accuracy,0.49566206506939076,0.08895215783834072,6
combat,random_forest_pseudobulk,8,group_accuracy,0.5061349190450369,0.07450080933035037,6
combat,random_forest_pseudobulk,16,group_accuracy,0.5625695430204823,0.1039608718766033,6
combat,random_forest_pseudobulk,32,group_accuracy,0.6637283647466404,0.06991010981541776,7
combat,random_forest_pseudobulk,64,group_accuracy,0.7240308053763155,0.05870500840916294,7
combat,random_forest_pseudobulk,128,group_accuracy,0.7211060618775841,0.11756618863410415,7
combat,random_forest_pseudobulk,256,group_accuracy,0.7785856669451395,0.05172276864055116,7
combat,random_forest_pseudobulk,512,group_accuracy,0.7591324508996592,0.06820525884822176,8
combat,random_forest_pseudobulk,all,group_accuracy,0.8333333333333331,0.07818589034265441,6
combat,random_forest_pseudobulk,1,group_balanced_accuracy,0.3479946560596316,0.020294871032095835,5
combat,random_forest_pseudobulk,2,group_balanced_accuracy,0.35677336665526194,0.021727262949548694,4
combat,random_forest_pseudobulk,4,group_balanced_accuracy,0.3575127435204001,0.028961599585768213,5
combat,random_forest_pseudobulk,8,group_balanced_accuracy,0.3854490322553622,0.05527320201356018,5
combat,random_forest_pseudobulk,16,group_balanced_accuracy,0.4745096620877022,0.0874783267013833,5
combat,random_forest_pseudobulk,32,group_balanced_accuracy,0.6927219843450974,0.10296780359216842,5
combat,random_forest_pseudobulk,64,group_balanced_accuracy,0.7043821385711111,0.1653714089196205,5
combat,random_forest_pseudobulk,128,group_balanced_accuracy,0.7556659461048096,0.19026847097977098,5
combat,random_forest_pseudobulk,256,group_balanced_accuracy,0.8190842792301003,0.0748411957524111,5
combat,random_forest_pseudobulk,512,group_balanced_accuracy,0.7707815724944834,0.11289704208150834,6
combat,random_forest_pseudobulk,all,group_balanced_accuracy,0.9034544159544159,0.050629003104840725,4
combat,random_forest_pseudobulk,1,donor_majority_accuracy,0.5294117647058824,0.11004874666982183,5
combat,random_forest_pseudobulk,2,donor_majority_accuracy,0.5588235294117647,0.1480359693190343,4
combat,random_forest_pseudobulk,4,donor_majority_accuracy,0.5392156862745098,0.12007302660701853,6
combat,random_forest_pseudobulk,8,donor_majority_accuracy,0.5294117647058824,0.09843059135695009,6
combat,random_forest_pseudobulk,16,donor_majority_accuracy,0.5980392156862745,0.1875600634285195,6
combat,random_forest_pseudobulk,32,donor_majority_accuracy,0.7142857142857143,0.09256421087875799,7
combat,random_forest_pseudobulk,64,donor_majority_accuracy,0.7563025210084034,0.07912855401582929,7
combat,random_forest_pseudobulk,128,donor_majority_accuracy,0.7563025210084033,0.10428297181504918,7
combat,random_forest_pseudobulk,256,donor_majority_accuracy,0.7983193277310923,0.06669961288398124,7
combat,random_forest_pseudobulk,512,donor_majority_accuracy,0.7720588235294118,0.058295953468536145,8
combat,random_forest_pseudobulk,1,donor_majority_balanced_accuracy,0.32820512820512815,0.011467015269229676,5
combat,random_forest_pseudobulk,2,donor_majority_balanced_accuracy,0.33796296296296297,0.009259259259259274,4
combat,random_forest_pseudobulk,4,donor_majority_balanced_accuracy,0.3333333333333333,0.0,5
combat,random_forest_pseudobulk,8,donor_majority_balanced_accuracy,0.3846153846153846,0.11467015269229693,5
combat,random_forest_pseudobulk,16,donor_majority_balanced_accuracy,0.492037037037037,0.21028876547120126,5
combat,random_forest_pseudobulk,32,donor_majority_balanced_accuracy,0.7505413105413105,0.11041887742434192,5
combat,random_forest_pseudobulk,64,donor_majority_balanced_accuracy,0.7534472934472934,0.18902072877429185,5
combat,random_forest_pseudobulk,128,donor_majority_balanced_accuracy,0.8010968660968661,0.19459569063224272,5
combat,random_forest_pseudobulk,256,donor_majority_balanced_accuracy,0.8514672364672364,0.0750189977102544,5
combat,random_forest_pseudobulk,512,donor_majority_balanced_accuracy,0.7737535612535612,0.1334287966840262,6
combat,logistic_regression_pseudobulk,1,group_accuracy,0.42822188793322064,0.04727296331746229,5
combat,logistic_regression_pseudobulk,2,group_accuracy,0.4494884589131405,0.049127852110040664,4
combat,logistic_regression_pseudobulk,4,group_accuracy,0.47275055690415707,0.06399639621968849,6
combat,logistic_regression_pseudobulk,8,group_accuracy,0.5485612311751389,0.031163582771696303,6
combat,logistic_regression_pseudobulk,16,group_accuracy,0.6801562606396042,0.04814399930214117,6
combat,logistic_regression_pseudobulk,32,group_accuracy,0.7127188297848116,0.036067368342064594,7
combat,logistic_regression_pseudobulk,64,group_accuracy,0.7790406981457174,0.060545894748354395,7
combat,logistic_regression_pseudobulk,128,group_accuracy,0.7593634188037853,0.08813144933426555,7
combat,logistic_regression_pseudobulk,256,group_accuracy,0.7898185051781089,0.09037103052182559,7
combat,logistic_regression_pseudobulk,512,group_accuracy,0.7945701705974775,0.08796135587984574,8
combat,logistic_regression_pseudobulk,all,group_accuracy,0.8137254901960785,0.07818589034265444,6
combat,logistic_regression_pseudobulk,1,group_balanced_accuracy,0.35824883965945864,0.032099644405440005,5
combat,logistic_regression_pseudobulk,2,group_balanced_accuracy,0.37474226800391547,0.05034555001841512,4
combat,logistic_regression_pseudobulk,4,group_balanced_accuracy,0.3904578864645217,0.06187026703668912,5
combat,logistic_regression_pseudobulk,8,group_balanced_accuracy,0.5103920731309777,0.0651963143140646,5
combat,logistic_regression_pseudobulk,16,group_balanced_accuracy,0.6867230681703933,0.08621572125486983,5
combat,logistic_regression_pseudobulk,32,group_balanced_accuracy,0.7348716016454043,0.08568514844590386,5
combat,logistic_regression_pseudobulk,64,group_balanced_accuracy,0.8331552578285036,0.0695863506356919,5
combat,logistic_regression_pseudobulk,128,group_balanced_accuracy,0.8407383015162182,0.08226694629750961,5
combat,logistic_regression_pseudobulk,256,group_balanced_accuracy,0.84930489778475,0.08046436441448547,5
combat,logistic_regression_pseudobulk,512,group_balanced_accuracy,0.8477493722028607,0.07220589974053726,6
combat,logistic_regression_pseudobulk,all,group_balanced_accuracy,0.8732905982905984,0.06119517303728974,4
combat,logistic_regression_pseudobulk,1,donor_majority_accuracy,0.5294117647058824,0.1610948698544606,5
combat,logistic_regression_pseudobulk,2,donor_majority_accuracy,0.5735294117647058,0.17565169477616585,4
combat,logistic_regression_pseudobulk,4,donor_majority_accuracy,0.6078431372549019,0.09605842128561487,6
combat,logistic_regression_pseudobulk,8,donor_majority_accuracy,0.6960784313725491,0.13627098316779646,6
combat,logistic_regression_pseudobulk,16,donor_majority_accuracy,0.7549019607843137,0.09424011639763068,6
combat,logistic_regression_pseudobulk,32,donor_majority_accuracy,0.7394957983193278,0.04628210543937897,7
combat,logistic_regression_pseudobulk,64,donor_majority_accuracy,0.8067226890756302,0.12109785053903235,7
combat,logistic_regression_pseudobulk,128,donor_majority_accuracy,0.7815126050420168,0.11116602147330208,7
combat,logistic_regression_pseudobulk,256,donor_majority_accuracy,0.773109243697479,0.10428297181504917,7
combat,logistic_regression_pseudobulk,512,donor_majority_accuracy,0.7941176470588236,0.08318903308077023,8
combat,logistic_regression_pseudobulk,1,donor_majority_balanced_accuracy,0.3915954415954416,0.13973044770065865,5
combat,logistic_regression_pseudobulk,2,donor_majority_balanced_accuracy,0.41025641025641024,0.15384615384615388,4
combat,logistic_regression_pseudobulk,4,donor_majority_balanced_accuracy,0.4509686609686609,0.09086153889658392,5
combat,logistic_regression_pseudobulk,8,donor_majority_balanced_accuracy,0.5794078144078144,0.13543904721630343,5
combat,logistic_regression_pseudobulk,16,donor_majority_balanced_accuracy,0.7673707773707773,0.10868985527790256,5
combat,logistic_regression_pseudobulk,32,donor_majority_balanced_accuracy,0.7866524216524217,0.09843438324986241,5
combat,logistic_regression_pseudobulk,64,donor_majority_balanced_accuracy,0.8734961334961335,0.09204676143433795,5
combat,logistic_regression_pseudobulk,128,donor_majority_balanced_accuracy,0.860960520960521,0.09111920604569011,5
combat,logistic_regression_pseudobulk,256,donor_majority_balanced_accuracy,0.8392368742368742,0.08372957090456429,5
combat,logistic_regression_pseudobulk,512,donor_majority_balanced_accuracy,0.8453517161850496,0.07230369516292064,6
combat,random_forest_cell_type_histogram,1,group_accuracy,0.3621548769355666,0.018722375162362546,5
combat,random_forest_cell_type_histogram,2,group_accuracy,0.3933825493557698,0.05353243187890139,4
combat,random_forest_cell_type_histogram,4,group_accuracy,0.44768785104504105,0.03801418875824059,6
combat,random_forest_cell_type_histogram,8,group_accuracy,0.4888776821732213,0.02848340711810651,6
combat,random_forest_cell_type_histogram,16,group_accuracy,0.5320523029257878,0.02388679319232438,6
combat,random_forest_cell_type_histogram,32,group_accuracy,0.5383075624770333,0.027361764045326663,7
combat,random_forest_cell_type_histogram,64,group_accuracy,0.5685241945512699,0.04506674054458507,7
combat,random_forest_cell_type_histogram,128,group_accuracy,0.567602509401535,0.0726457759313206,7
combat,random_forest_cell_type_histogram,256,group_accuracy,0.6149390842643226,0.03217645174525787,7
combat,random_forest_cell_type_histogram,512,group_accuracy,0.6311906725500337,0.059318962517001264,8
combat,random_forest_cell_type_histogram,all,group_accuracy,0.7156862745098039,0.09424011639763068,6
combat,random_forest_cell_type_histogram,1,group_balanced_accuracy,0.34297610366738196,0.02327930118224208,5
combat,random_forest_cell_type_histogram,2,group_balanced_accuracy,0.34018059598450207,0.020159743712230272,4
combat,random_forest_cell_type_histogram,4,group_balanced_accuracy,0.36151349938727634,0.01850927290053245,5
combat,random_forest_cell_type_histogram,8,group_balanced_accuracy,0.3925800246998713,0.021314817827777468,5
combat,random_forest_cell_type_histogram,16,group_balanced_accuracy,0.40914611103725634,0.06649224876087366,5
combat,random_forest_cell_type_histogram,32,group_balanced_accuracy,0.43437202208714004,0.04534829625995034,5
combat,random_forest_cell_type_histogram,64,group_balanced_accuracy,0.46026982792652005,0.05306318750486651,5
combat,random_forest_cell_type_histogram,128,group_balanced_accuracy,0.4699960847795378,0.06098569888027929,5
combat,random_forest_cell_type_histogram,256,group_balanced_accuracy,0.5003066477192084,0.0419478943045595,5
combat,random_forest_cell_type_histogram,512,group_balanced_accuracy,0.5274680672613926,0.0866144942078844,6
combat,random_forest_cell_type_histogram,all,group_balanced_accuracy,0.5900462962962962,0.060789346518989325,4
combat,random_forest_cell_type_histogram,1,donor_majority_accuracy,0.3294117647058824,0.07892004626469845,5
combat,random_forest_cell_type_histogram,2,donor_majority_accuracy,0.4411764705882353,0.12245094114506662,4
combat,random_forest_cell_type_histogram,4,donor_majority_accuracy,0.5392156862745099,0.10131773084520641,6
combat,random_forest_cell_type_histogram,8,donor_majority_accuracy,0.5686274509803921,0.09605842128561484,6
combat,random_forest_cell_type_histogram,16,donor_majority_accuracy,0.5980392156862745,0.04428074427700478,6
combat,random_forest_cell_type_histogram,32,donor_majority_accuracy,0.5630252100840336,0.074848118856512,7
combat,random_forest_cell_type_histogram,64,donor_majority_accuracy,0.6134453781512604,0.04628210543937902,7
combat,random_forest_cell_type_histogram,128,donor_majority_accuracy,0.6302521008403362,0.0737391965327069,7
combat,random_forest_cell_type_histogram,256,donor_majority_accuracy,0.6722689075630253,0.046282105439379016,7
combat,random_forest_cell_type_histogram,512,donor_majority_accuracy,0.6838235294117647,0.06986676112737769,8
combat,random_forest_cell_type_histogram,1,donor_majority_balanced_accuracy,0.3163675213675214,0.07395502569207216,5
combat,random_forest_cell_type_histogram,2,donor_majority_balanced_accuracy,0.34658119658119657,0.03927664989997972,4
combat,random_forest_cell_type_histogram,4,donor_majority_balanced_accuracy,0.34894586894586893,0.03809064601900546,5
combat,random_forest_cell_type_histogram,8,donor_majority_balanced_accuracy,0.41819088319088316,0.09631620248911821,5
combat,random_forest_cell_type_histogram,16,donor_majority_balanced_accuracy,0.39066951566951563,0.0799467714820533,5
combat,random_forest_cell_type_histogram,32,donor_majority_balanced_accuracy,0.42572649572649574,0.09687497864425877,5
combat,random_forest_cell_type_histogram,64,donor_majority_balanced_accuracy,0.47319088319088315,0.06392791577196878,5
combat,random_forest_cell_type_histogram,128,donor_majority_balanced_accuracy,0.4861538461538462,0.07655119098376022,5
combat,random_forest_cell_type_histogram,256,donor_majority_balanced_accuracy,0.5135042735042734,0.05324381595517024,5
combat,random_forest_cell_type_histogram,512,donor_majority_balanced_accuracy,0.5326566951566952,0.10099172358126039,6
combat,logistic_regression_cell_type_histogram,1,group_accuracy,0.4155450172886471,0.07219004352827965,5
combat,logistic_regression_cell_type_histogram,2,group_accuracy,0.3976343513761415,0.08372706714305224,4
combat,logistic_regression_cell_type_histogram,4,group_accuracy,0.3625060462461251,0.08386614835383818,6
combat,logistic_regression_cell_type_histogram,8,group_accuracy,0.4030887686290321,0.08463687063258253,6
combat,logistic_regression_cell_type_histogram,16,group_accuracy,0.5124521550149834,0.05643894703833702,6
combat,logistic_regression_cell_type_histogram,32,group_accuracy,0.5374285118987542,0.0680071398296935,7
combat,logistic_regression_cell_type_histogram,64,group_accuracy,0.555344336633649,0.03832471027871295,7
combat,logistic_regression_cell_type_histogram,128,group_accuracy,0.5368257896831886,0.059939141846462235,7
combat,logistic_regression_cell_type_histogram,256,group_accuracy,0.6036194209602702,0.08709593048065499,7
combat,logistic_regression_cell_type_histogram,512,group_accuracy,0.5480036414036055,0.129077063779186,8
combat,logistic_regression_cell_type_histogram,all,group_accuracy,0.6666666666666666,0.08856148855400951,6
combat,logistic_regression_cell_type_histogram,1,group_balanced_accuracy,0.3616944680833287,0.03587415615042719,5
combat,logistic_regression_cell_type_histogram,2,group_balanced_accuracy,0.3498542959720566,0.01913938882077512,4
combat,logistic_regression_cell_type_histogram,4,group_balanced_accuracy,0.36785530369554975,0.041070983238552544,5
combat,logistic_regression_cell_type_histogram,8,group_balanced_accuracy,0.41316158913942597,0.06331852798115215,5
combat,logistic_regression_cell_type_histogram,16,group_balanced_accuracy,0.44056241009063307,0.08035351789927696,5
combat,logistic_regression_cell_type_histogram,32,group_balanced_accuracy,0.46139575997388677,0.10025776684215913,5
combat,logistic_regression_cell_type_histogram,64,group_balanced_accuracy,0.4938149186078915,0.10001868688972815,5
combat,logistic_regression_cell_type_histogram,128,group_balanced_accuracy,0.5319271929593168,0.09987137089484245,5
combat,logistic_regression_cell_type_histogram,256,group_balanced_accuracy,0.5611745274671468,0.09133520004575713,5
combat,logistic_regression_cell_type_histogram,512,group_balanced_accuracy,0.5249797937695575,0.1624129062595166,6
combat,logistic_regression_cell_type_histogram,all,group_balanced_accuracy,0.6795405982905982,0.12399196464425542,4
combat,logistic_regression_cell_type_histogram,1,donor_majority_accuracy,0.49411764705882344,0.21045345670586252,5
combat,logistic_regression_cell_type_histogram,2,donor_majority_accuracy,0.4558823529411764,0.12126781251816648,4
combat,logistic_regression_cell_type_histogram,4,donor_majority_accuracy,0.4411764705882353,0.1379534047006891,6
combat,logistic_regression_cell_type_histogram,8,donor_majority_accuracy,0.5000000000000001,0.16109486985446062,6
combat,logistic_regression_cell_type_histogram,16,donor_majority_accuracy,0.5980392156862745,0.09424011639763075,6
combat,logistic_regression_cell_type_histogram,32,donor_majority_accuracy,0.6050420168067226,0.10585122480499266,7
combat,logistic_regression_cell_type_histogram,64,donor_majority_accuracy,0.6218487394957984,0.11190467426015792,7
combat,logistic_regression_cell_type_histogram,128,donor_majority_accuracy,0.6050420168067226,0.06545278120755141,7
combat,logistic_regression_cell_type_histogram,256,donor_majority_accuracy,0.6722689075630252,0.10662670202058418,7
combat,logistic_regression_cell_type_histogram,512,donor_majority_accuracy,0.5882352941176471,0.08318903308077032,8
combat,logistic_regression_cell_type_histogram,1,donor_majority_balanced_accuracy,0.45433455433455433,0.16154312213348643,5
combat,logistic_regression_cell_type_histogram,2,donor_majority_balanced_accuracy,0.36787749287749283,0.040095350270762324,4
combat,logistic_regression_cell_type_histogram,4,donor_majority_balanced_accuracy,0.3761396011396011,0.05898063814515,5
combat,logistic_regression_cell_type_histogram,8,donor_majority_balanced_accuracy,0.5289886039886039,0.13760952879698105,5
combat,logistic_regression_cell_type_histogram,16,donor_majority_balanced_accuracy,0.4154700854700855,0.16453779534905383,5
combat,logistic_regression_cell_type_histogram,32,donor_majority_balanced_accuracy,0.44541310541310536,0.1317925072275483,5
combat,logistic_regression_cell_type_histogram,64,donor_majority_balanced_accuracy,0.5186182336182336,0.1874770489710074,5
combat,logistic_regression_cell_type_histogram,128,donor_majority_balanced_accuracy,0.6120797720797719,0.14257308263260818,5
combat,logistic_regression_cell_type_histogram,256,donor_majority_balanced_accuracy,0.5765954415954416,0.15477989368296727,5
combat,logistic_regression_cell_type_histogram,512,donor_majority_balanced_accuracy,0.5204653371320038,0.14166867317742307,6
combat,cellcnn,2,group_accuracy,0.24164249114920824,0.03036285439895593,6
combat,cellcnn,4,group_accuracy,0.24723178162377557,0.06566165709163782,6
combat,cellcnn,8,group_accuracy,0.27813182758069505,0.10703852232268465,5
combat,cellcnn,16,group_accuracy,0.3107898028423342,0.12672796297576572,5
combat,cellcnn,32,group_accuracy,0.3312001064660321,0.13598818672096452,5
combat,cellcnn,64,group_accuracy,0.341072822407972,0.1406742422160492,5
combat,cellcnn,128,group_accuracy,0.35556297457857716,0.12424557972594849,5
combat,cellcnn,256,group_accuracy,0.38835827289249364,0.15665176476597073,5
combat,cellcnn,512,group_accuracy,0.48370297308440663,0.10602428907456804,5
combat,cellcnn,2,group_balanced_accuracy,0.3570736545166427,0.017856040017283834,6
combat,cellcnn,4,group_balanced_accuracy,0.34780195832985467,0.04233407182601978,6
combat,cellcnn,8,group_balanced_accuracy,0.3238093781824603,0.046255866062647845,5
combat,cellcnn,16,group_balanced_accuracy,0.32415909407740956,0.03249699089882141,5
combat,cellcnn,32,group_balanced_accuracy,0.32974696488054056,0.013835639969762321,5
combat,cellcnn,64,group_balanced_accuracy,0.3365807288992957,0.011851610179130058,5
combat,cellcnn,128,group_balanced_accuracy,0.3505737119983222,0.021788772029147228,5
combat,cellcnn,256,group_balanced_accuracy,0.4186483731800411,0.07526029415141523,5
combat,cellcnn,512,group_balanced_accuracy,0.5823812716728631,0.13641619586764903,5
combat,cellcnn,2,donor_majority_accuracy,0.16666666666666666,0.06876736437941247,6
combat,cellcnn,4,donor_majority_accuracy,0.23529411764705885,0.13413828530578095,6
combat,cellcnn,8,donor_majority_accuracy,0.3058823529411765,0.1578400925293969,5
combat,cellcnn,16,donor_majority_accuracy,0.3411764705882353,0.14646940703516154,5
combat,cellcnn,32,donor_majority_accuracy,0.3411764705882353,0.14646940703516154,5
combat,cellcnn,64,donor_majority_accuracy,0.3411764705882353,0.14646940703516154,5
combat,cellcnn,128,donor_majority_accuracy,0.3411764705882353,0.14646940703516154,5
combat,cellcnn,256,donor_majority_accuracy,0.3764705882352941,0.17449878793166268,5
combat,cellcnn,512,donor_majority_accuracy,0.4588235294117647,0.11314931800983145,5
combat,cellcnn,2,donor_majority_balanced_accuracy,0.3626543209876543,0.04551815186343407,6
combat,cellcnn,4,donor_majority_balanced_accuracy,0.35833333333333334,0.22354467612140133,6
combat,cellcnn,8,donor_majority_balanced_accuracy,0.3055555555555555,0.149265175418088,5
combat,cellcnn,16,donor_majority_balanced_accuracy,0.3333333333333333,0.0,5
combat,cellcnn,32,donor_majority_balanced_accuracy,0.3333333333333333,0.0,5
combat,cellcnn,64,donor_majority_balanced_accuracy,0.3333333333333333,0.0,5
combat,cellcnn,128,donor_majority_balanced_accuracy,0.3333333333333333,0.0,5
combat,cellcnn,256,donor_majority_balanced_accuracy,0.4222222222222222,0.14487116456005886,5
combat,cellcnn,512,donor_majority_balanced_accuracy,0.5542022792022793,0.16604006263592788,5
combat,scagg,2,group_accuracy,0.4206727367359724,0.12284769888988809,6
combat,scagg,4,group_accuracy,0.4155148369380309,0.2098436236428087,6
combat,scagg,8,group_accuracy,0.30903298784832206,0.2528774307678044,5
combat,scagg,16,group_accuracy,0.29780424788765913,0.1666177249436537,5
combat,scagg,32,group_accuracy,0.33232485010475715,0.1867466196543464,5
combat,scagg,64,group_accuracy,0.39648114229553605,0.18191213458696126,5
combat,scagg,128,group_accuracy,0.4936756408504325,0.15803199333850135,5
combat,scagg,256,group_accuracy,0.3440867801393421,0.13580138606416714,5
combat,scagg,512,group_accuracy,0.36470588235294116,0.1784205986835659,5
combat,scagg,2,group_balanced_accuracy,0.39107076552736814,0.057121641061528367,6
combat,scagg,4,group_balanced_accuracy,0.47525598853905016,0.11342265244745661,6
combat,scagg,8,group_balanced_accuracy,0.4589662715292234,0.1451406886162484,5
combat,scagg,16,group_balanced_accuracy,0.39517284670082964,0.0530282091168644,5
combat,scagg,32,group_balanced_accuracy,0.414529524278752,0.1321501220448938,5
combat,scagg,64,group_balanced_accuracy,0.4429259664735268,0.1271852466326727,5
combat,scagg,128,group_balanced_accuracy,0.4070737145210262,0.10756262826018341,5
combat,scagg,256,group_balanced_accuracy,0.4054210989743224,0.10906285002118007,5
combat,scagg,512,group_balanced_accuracy,0.39999999999999997,0.14907119849998599,5
combat,scagg,2,donor_majority_accuracy,0.4705882352941177,0.2232195995412974,6
combat,scagg,4,donor_majority_accuracy,0.45098039215686275,0.26999081534209424,6
combat,scagg,8,donor_majority_accuracy,0.3058823529411765,0.29234761505386303,5
combat,scagg,16,donor_majority_accuracy,0.30588235294117644,0.18320484120467573,5
combat,scagg,32,donor_majority_accuracy,0.3294117647058824,0.19331384382535274,5
combat,scagg,64,donor_majority_accuracy,0.388235294117647,0.17938765508208124,5
combat,scagg,128,donor_majority_accuracy,0.49411764705882355,0.15893242454242698,5
combat,scagg,256,donor_majority_accuracy,0.3411764705882353,0.13413828530578092,5
combat,scagg,512,donor_majority_accuracy,0.36470588235294116,0.1784205986835659,5
combat,scagg,2,donor_majority_balanced_accuracy,0.4444444444444444,0.17213259316477408,6
combat,scagg,4,donor_majority_balanced_accuracy,0.5069444444444445,0.17562718299684535,6
combat,scagg,8,donor_majority_balanced_accuracy,0.4666666666666666,0.18257418583505536,5
combat,scagg,16,donor_majority_balanced_accuracy,0.40092592592592596,0.10894886859017025,5
combat,scagg,32,donor_majority_balanced_accuracy,0.4166666666666667,0.14433756729740643,5
combat,scagg,64,donor_majority_balanced_accuracy,0.43968253968253973,0.1396915581504241,5
combat,scagg,128,donor_majority_balanced_accuracy,0.4111111111111111,0.10829771494232181,5
combat,scagg,256,donor_majority_balanced_accuracy,0.4031746031746032,0.10564800820503964,5
combat,scagg,512,donor_majority_balanced_accuracy,0.39999999999999997,0.14907119849998599,5
combat,scrat,2,group_accuracy,0.7823529411764706,0.0553266487534148,6
combat,scrat,4,group_accuracy,0.7880392156862746,0.03296987545363056,6
combat,scrat,8,group_accuracy,0.7865882352941176,0.07793440592124623,5
combat,scrat,16,group_accuracy,0.78,0.09850087383027992,5
combat,scrat,32,group_accuracy,0.8218823529411765,0.08419617889068591,5
combat,scrat,64,group_accuracy,0.8061176470588235,0.06358058940809663,5
combat,scrat,128,group_accuracy,0.7595294117647059,0.11286639681238948,5
combat,scrat,256,group_accuracy,0.8327058823529411,0.044979041639981766,5
combat,scrat,512,group_accuracy,0.8131764705882354,0.10368437600231592,5
combat,scrat,2,group_balanced_accuracy,0.7831473680640347,0.0933086608927297,6
combat,scrat,4,group_balanced_accuracy,0.7994855854022521,0.06832518524026962,6
combat,scrat,8,group_balanced_accuracy,0.8126146927146927,0.0956423475864537,5
combat,scrat,16,group_balanced_accuracy,0.8342157102157103,0.08964219228551673,5
combat,scrat,32,group_balanced_accuracy,0.8698583638583639,0.07201075681661909,5
combat,scrat,64,group_balanced_accuracy,0.788858201058201,0.1242736600748259,5
combat,scrat,128,group_balanced_accuracy,0.723688074888075,0.1749118665698263,5
combat,scrat,256,group_balanced_accuracy,0.8594159544159545,0.07551285930971553,5
combat,scrat,512,group_balanced_accuracy,0.8073015873015873,0.12729830924410246,5
combat,scrat,2,donor_majority_accuracy,0.8431372549019608,0.08036824130164386,6
combat,scrat,4,donor_majority_accuracy,0.8725490196078431,0.09424011639763064,6
combat,scrat,8,donor_majority_accuracy,0.8352941176470589,0.08724939396583126,5
combat,scrat,16,donor_majority_accuracy,0.776470588235294,0.15226093065346796,5
combat,scrat,32,donor_majority_accuracy,0.8352941176470587,0.10522672835293122,5
combat,scrat,64,donor_majority_accuracy,0.8117647058823529,0.09665692191267633,5
combat,scrat,128,donor_majority_accuracy,0.7529411764705881,0.1404392516036861,5
combat,scrat,256,donor_majority_accuracy,0.8235294117647058,0.04159451654038516,5
combat,scrat,512,donor_majority_accuracy,0.8117647058823529,0.10522672835293122,5
combat,scrat,2,donor_majority_balanced_accuracy,0.8669566544566546,0.062178729668592635,6
combat,scrat,4,donor_majority_balanced_accuracy,0.8994301994301995,0.06361461963265887,6
combat,scrat,8,donor_majority_balanced_accuracy,0.8741310541310542,0.06892481092202349,5
combat,scrat,16,donor_majority_balanced_accuracy,0.8294220594220594,0.12632687752318172,5
combat,scrat,32,donor_majority_balanced_accuracy,0.8784961334961334,0.08373888709607558,5
combat,scrat,64,donor_majority_balanced_accuracy,0.7893426943426943,0.13137547154959633,5
combat,scrat,128,donor_majority_balanced_accuracy,0.7025702075702076,0.1931941522981529,5
combat,scrat,256,donor_majority_balanced_accuracy,0.8634472934472933,0.07224928478619894,5
combat,scrat,512,donor_majority_balanced_accuracy,0.8056125356125357,0.1274200539283338,5
ren,tissueformer,1,group_accuracy,0.6091272658995912,0.07299701526764774,4
ren,tissueformer,2,group_accuracy,0.6637049867626932,0.02331031478506545,4
ren,tissueformer,4,group_accuracy,0.613970524592546,0.02321163681896677,3
ren,tissueformer,8,group_accuracy,0.6628909308284534,0.09725622141974952,4
ren,tissueformer,16,group_accuracy,0.6686276656052178,0.02670513451875596,4
ren,tissueformer,32,group_accuracy,0.744445215723721,0.08031641329378786,4
ren,tissueformer,64,group_accuracy,0.7315286724014657,0.03285901671020273,2
ren,tissueformer,128,group_accuracy,0.6832126813462682,0.016603465035854217,2
ren,tissueformer,256,group_accuracy,0.7315964422175731,0.1091693518828433,4
ren,tissueformer,512,group_accuracy,0.677493865465056,0.03953296038551703,5
ren,tissueformer,1,group_balanced_accuracy,0.5095288717980527,0.04379347988070363,4
ren,tissueformer,2,group_balanced_accuracy,0.6792457924286511,0.033452197802708694,4
ren,tissueformer,4,group_balanced_accuracy,0.6654044641535922,0.05116485512782341,3
ren,tissueformer,8,group_balanced_accuracy,0.667020657952441,0.04221985120352808,4
ren,tissueformer,16,group_balanced_accuracy,0.6880444597185864,0.03863478886374575,4
ren,tissueformer,32,group_balanced_accuracy,0.7596429759022784,0.08641771748354465,4
ren,tissueformer,64,group_balanced_accuracy,0.6950532903677685,0.028969092441948844,2
ren,tissueformer,128,group_balanced_accuracy,0.6464796473203389,0.18969102541613814,2
ren,tissueformer,256,group_balanced_accuracy,0.6887086118673534,0.13881365752951003,4
ren,tissueformer,512,group_balanced_accuracy,0.6175202922845371,0.05321302885053983,5
ren,tissueformer,1,donor_majority_accuracy,0.6216216216216216,0.03822198817224579,4
ren,tissueformer,2,donor_majority_accuracy,0.6824324324324325,0.0461574358827009,4
ren,tissueformer,4,donor_majority_accuracy,0.6396396396396397,0.03120812265889869,3
ren,tissueformer,8,donor_majority_accuracy,0.6891891891891893,0.0643371930499356,4
ren,tissueformer,16,donor_majority_accuracy,0.7297297297297298,0.06978348371544896,4
ren,tissueformer,32,donor_majority_accuracy,0.7364864864864864,0.08070483273499511,4
ren,tissueformer,64,donor_majority_accuracy,0.7432432432432432,0.13377695860286032,2
ren,tissueformer,128,donor_majority_accuracy,0.6756756756756757,0.07644397634449163,2
ren,tissueformer,256,donor_majority_accuracy,0.7094594594594594,0.12938204158869437,4
ren,tissueformer,512,donor_majority_accuracy,0.6594594594594595,0.03081555202970644,5
ren,tissueformer,1,donor_majority_balanced_accuracy,0.5252859477124183,0.05049488894577214,4
ren,tissueformer,2,donor_majority_balanced_accuracy,0.7435661764705883,0.044349797448136594,4
ren,tissueformer,4,donor_majority_balanced_accuracy,0.6904684095860567,0.06668875653935016,3
ren,tissueformer,8,donor_majority_balanced_accuracy,0.7144812091503268,0.046697037298208316,4
ren,tissueformer,16,donor_majority_balanced_accuracy,0.7562704248366013,0.08555736591964604,4
ren,tissueformer,32,donor_majority_balanced_accuracy,0.7755514705882353,0.07779652331613017,4
ren,tissueformer,64,donor_majority_balanced_accuracy,0.73484477124183,0.13339130373854072,2
ren,tissueformer,128,donor_majority_balanced_accuracy,0.6354166666666666,0.22097086912079608,2
ren,tissueformer,256,donor_majority_balanced_accuracy,0.6961192810457516,0.1586055218694743,4
ren,tissueformer,512,donor_majority_balanced_accuracy,0.6282679738562091,0.028227508439256224,5
ren,random_forest_pseudobulk,1,group_accuracy,0.5060700940583475,0.0532043462106388,5
ren,random_forest_pseudobulk,2,group_accuracy,0.5456011165399218,0.04538623627550014,5
ren,random_forest_pseudobulk,4,group_accuracy,0.5408359956733182,0.012056386707968094,4
ren,random_forest_pseudobulk,8,group_accuracy,0.5661104914490016,0.008866360770674939,5
ren,random_forest_pseudobulk,16,group_accuracy,0.5890485330877979,0.017942138830871594,4
ren,random_forest_pseudobulk,32,group_accuracy,0.6073538894341227,0.023861008761686165,4
ren,random_forest_pseudobulk,64,group_accuracy,0.6596050677791967,0.07844805378834459,5
ren,random_forest_pseudobulk,128,group_accuracy,0.694391370664265,0.057695031457531964,6
ren,random_forest_pseudobulk,256,group_accuracy,0.6769614779032065,0.08945159045953624,5
ren,random_forest_pseudobulk,512,group_accuracy,0.6801081677400239,0.059349042937850066,5
ren,random_forest_pseudobulk,all,group_accuracy,0.6846846846846848,0.03120812265889869,3
ren,random_forest_pseudobulk,1,group_balanced_accuracy,0.3771395872572513,0.035291750368025405,5
ren,random_forest_pseudobulk,2,group_balanced_accuracy,0.4016740469721752,0.030026043394351547,5
ren,random_forest_pseudobulk,4,group_balanced_accuracy,0.40335645855123575,0.011652198843448583,4
ren,random_forest_pseudobulk,8,group_balanced_accuracy,0.4216791239870256,0.006602558175228316,4
ren,random_forest_pseudobulk,16,group_balanced_accuracy,0.4413748542481668,0.01083436473077212,3
ren,random_forest_pseudobulk,32,group_balanced_accuracy,0.46525155388248796,0.01795379878684909,3
ren,random_forest_pseudobulk,64,group_balanced_accuracy,0.5185184088062516,0.05320432557146102,4
ren,random_forest_pseudobulk,128,group_balanced_accuracy,0.5578859621794791,0.03477287448690603,5
ren,random_forest_pseudobulk,256,group_balanced_accuracy,0.5632413111494723,0.054948126188659345,4
ren,random_forest_pseudobulk,512,group_balanced_accuracy,0.5751101330214646,0.0304560894491001,4
ren,random_forest_pseudobulk,all,group_balanced_accuracy,0.6133986928104576,0.028191838988483243,2
ren,random_forest_pseudobulk,1,donor_majority_accuracy,0.518918918918919,0.0944013470085026,5
ren,random_forest_pseudobulk,2,donor_majority_accuracy,0.5297297297297296,0.056044436090074916,5
ren,random_forest_pseudobulk,4,donor_majority_accuracy,0.5743243243243243,0.025876408317738877,4
ren,random_forest_pseudobulk,8,donor_majority_accuracy,0.5891891891891892,0.04440993709501347,5
ren,random_forest_pseudobulk,16,donor_majority_accuracy,0.5405405405405406,0.04413495032041763,4
ren,random_forest_pseudobulk,32,donor_majority_accuracy,0.581081081081081,0.02702702702702703,4
ren,random_forest_pseudobulk,64,donor_majority_accuracy,0.6216216216216216,0.06338399675437066,5
ren,random_forest_pseudobulk,128,donor_majority_accuracy,0.6486486486486486,0.03418678551533385,6
ren,random_forest_pseudobulk,256,donor_majority_accuracy,0.6378378378378378,0.049097032769148514,5
ren,random_forest_pseudobulk,512,donor_majority_accuracy,0.664864864864865,0.08242135503771303,5
ren,random_forest_pseudobulk,1,donor_majority_balanced_accuracy,0.3946732026143791,0.07933930753295379,5
ren,random_forest_pseudobulk,2,donor_majority_balanced_accuracy,0.40325163398692804,0.05190874557393658,5
ren,random_forest_pseudobulk,4,donor_majority_balanced_accuracy,0.44140114379084966,0.019308418105025687,4
ren,random_forest_pseudobulk,8,donor_majority_balanced_accuracy,0.4580678104575163,0.040717508146441664,4
ren,random_forest_pseudobulk,16,donor_majority_balanced_accuracy,0.41688453159041394,0.04313766752294899,3
ren,random_forest_pseudobulk,32,donor_majority_balanced_accuracy,0.4672113289760349,0.025893709615913665,3
ren,random_forest_pseudobulk,64,donor_majority_balanced_accuracy,0.5070669934640523,0.04637518109557034,4
ren,random_forest_pseudobulk,128,donor_majority_balanced_accuracy,0.5320424836601307,0.051449329046677,5
ren,random_forest_pseudobulk,256,donor_majority_balanced_accuracy,0.5574142156862746,0.045623135716298086,4
ren,random_forest_pseudobulk,512,donor_majority_balanced_accuracy,0.6005514705882353,0.046762171620995455,4
ren,logistic_regression_pseudobulk,1,group_accuracy,0.17647384984797432,0.14350352930259444,5
ren,logistic_regression_pseudobulk,2,group_accuracy,0.3379945563044816,0.20340251885770627,5
ren,logistic_regression_pseudobulk,4,group_accuracy,0.21180002924376418,0.20504530511925262,4
ren,logistic_regression_pseudobulk,8,group_accuracy,0.34920142817366095,0.22193521179281045,5
ren,logistic_regression_pseudobulk,16,group_accuracy,0.40577323216362055,0.19398469588244346,4
ren,logistic_regression_pseudobulk,32,group_accuracy,0.5369395806131535,0.06670631899886359,4
ren,logistic_regression_pseudobulk,64,group_accuracy,0.4086056831712693,0.273160289710348,5
ren,logistic_regression_pseudobulk,128,group_accuracy,0.262880568408655,0.2395735167186239,6
ren,logistic_regression_pseudobulk,256,group_accuracy,0.40322545267795507,0.2783895916963175,5
ren,logistic_regression_pseudobulk,512,group_accuracy,0.519786329172211,0.22561687569240702,5
ren,logistic_regression_pseudobulk,all,group_accuracy,0.26126126126126126,0.2184568586122908,3
ren,logistic_regression_pseudobulk,1,group_balanced_accuracy,0.3380445130750832,0.010534518156772591,5
ren,logistic_regression_pseudobulk,2,group_balanced_accuracy,0.37098601878792276,0.04699939790095402,5
ren,logistic_regression_pseudobulk,4,group_balanced_accuracy,0.356249273223681,0.04583187978069544,4
ren,logistic_regression_pseudobulk,8,group_balanced_accuracy,0.41644477553467446,0.05935160369384529,4
ren,logistic_regression_pseudobulk,16,group_balanced_accuracy,0.41997098354580453,0.07504088525231294,3
ren,logistic_regression_pseudobulk,32,group_balanced_accuracy,0.5262982726421482,0.029601918390435713,3
ren,logistic_regression_pseudobulk,64,group_balanced_accuracy,0.46555709750714064,0.15754126093197288,4
ren,logistic_regression_pseudobulk,128,group_balanced_accuracy,0.42755379436242036,0.12912677304487014,5
ren,logistic_regression_pseudobulk,256,group_balanced_accuracy,0.5273694480665252,0.14141301617287125,4
ren,logistic_regression_pseudobulk,512,group_balanced_accuracy,0.5739366567637215,0.1608774393206126,4
ren,logistic_regression_pseudobulk,all,group_balanced_accuracy,0.43137254901960786,0.13864838846795052,2
ren,logistic_regression_pseudobulk,1,donor_majority_accuracy,0.227027027027027,0.205476516851332,5
ren,logistic_regression_pseudobulk,2,donor_majority_accuracy,0.4,0.24503842068417592,5
ren,logistic_regression_pseudobulk,4,donor_majority_accuracy,0.2432432432432432,0.21621621621621617,4
ren,logistic_regression_pseudobulk,8,donor_majority_accuracy,0.4,0.24578254150031695,5
ren,logistic_regression_pseudobulk,16,donor_majority_accuracy,0.45270270270270274,0.21323964646026353,4
ren,logistic_regression_pseudobulk,32,donor_majority_accuracy,0.5945945945945946,0.03822198817224584,4
ren,logistic_regression_pseudobulk,64,donor_majority_accuracy,0.46486486486486484,0.30601469956147376,5
ren,logistic_regression_pseudobulk,128,donor_majority_accuracy,0.2747747747747748,0.21649756469725973,6
ren,logistic_regression_pseudobulk,256,donor_majority_accuracy,0.39459459459459467,0.25965645674541515,5
ren,logistic_regression_pseudobulk,512,donor_majority_accuracy,0.49729729729729727,0.20458584721919526,5
ren,logistic_regression_pseudobulk,1,donor_majority_balanced_accuracy,0.3583333333333333,0.05590169943749474,5
ren,logistic_regression_pseudobulk,2,donor_majority_balanced_accuracy,0.4016830065359477,0.07064952102311398,5
ren,logistic_regression_pseudobulk,4,donor_majority_balanced_accuracy,0.35882352941176465,0.050980392156862724,4
ren,logistic_regression_pseudobulk,8,donor_majority_balanced_accuracy,0.42647058823529416,0.0870525097974221,4
ren,logistic_regression_pseudobulk,16,donor_majority_balanced_accuracy,0.4487472766884531,0.0999690687207724,3
ren,logistic_regression_pseudobulk,32,donor_majority_balanced_accuracy,0.5566721132897604,0.04615646735805639,3
ren,logistic_regression_pseudobulk,64,donor_majority_balanced_accuracy,0.4776143790849673,0.17838976986330654,4
ren,logistic_regression_pseudobulk,128,donor_majority_balanced_accuracy,0.4230065359477124,0.1250318426697959,5
ren,logistic_regression_pseudobulk,256,donor_majority_balanced_accuracy,0.5,0.15700247951924798,4
ren,logistic_regression_pseudobulk,512,donor_majority_balanced_accuracy,0.5578022875816994,0.15169538839983507,4
ren,random_forest_cell_type_histogram,1,group_accuracy,0.38156829250041213,0.11079618965460611,5
ren,random_forest_cell_type_histogram,2,group_accuracy,0.43560109273987446,0.05337891228102411,5
ren,random_forest_cell_type_histogram,4,group_accuracy,0.38465169818676126,0.08998413787525898,4
ren,random_forest_cell_type_histogram,8,group_accuracy,0.49142103966264017,0.0672330375361222,5
ren,random_forest_cell_type_histogram,16,group_accuracy,0.48599199202459487,0.003542239642936242,4
ren,random_forest_cell_type_histogram,32,group_accuracy,0.5291112935913045,0.024628373686990567,4
ren,random_forest_cell_type_histogram,64,group_accuracy,0.5749279036712046,0.05101552907035239,5
ren,random_forest_cell_type_histogram,128,group_accuracy,0.5835137776306337,0.0484705671071175,6
ren,random_forest_cell_type_histogram,256,group_accuracy,0.5828700956710191,0.09334375764200162,5
ren,random_forest_cell_type_histogram,512,group_accuracy,0.6482695323823797,0.06818730611878046,5
ren,random_forest_cell_type_histogram,all,group_accuracy,0.6126126126126127,0.03120812265889869,3
ren,random_forest_cell_type_histogram,1,group_balanced_accuracy,0.3988982885945855,0.060964136728918934,5
ren,random_forest_cell_type_histogram,2,group_balanced_accuracy,0.41101958406557204,0.04899105269987978,5
ren,random_forest_cell_type_histogram,4,group_balanced_accuracy,0.39696303380947384,0.04902086770978881,4
ren,random_forest_cell_type_histogram,8,group_balanced_accuracy,0.4251542963071947,0.03185636361464017,4
ren,random_forest_cell_type_histogram,16,group_balanced_accuracy,0.390298186295116,0.011577096898729902,3
ren,random_forest_cell_type_histogram,32,group_balanced_accuracy,0.46486058456273255,0.06502217793293288,3
ren,random_forest_cell_type_histogram,64,group_balanced_accuracy,0.46795699119395445,0.04080535125887429,4
ren,random_forest_cell_type_histogram,128,group_balanced_accuracy,0.48673276913942776,0.0556279419124479,5
ren,random_forest_cell_type_histogram,256,group_balanced_accuracy,0.4647357333286308,0.0806551974370625,4
ren,random_forest_cell_type_histogram,512,group_balanced_accuracy,0.5386673984984272,0.10930190449839841,4
ren,random_forest_cell_type_histogram,all,group_balanced_accuracy,0.5245915032679739,0.0937032025395899,2
ren,random_forest_cell_type_histogram,1,donor_majority_accuracy,0.3783783783783784,0.11143528717885567,5
ren,random_forest_cell_type_histogram,2,donor_majority_accuracy,0.42162162162162165,0.09085262872417085,5
ren,random_forest_cell_type_histogram,4,donor_majority_accuracy,0.4391891891891892,0.04054054054054054,4
ren,random_forest_cell_type_histogram,8,donor_majority_accuracy,0.4648648648648649,0.04834741572972519,5
ren,random_forest_cell_type_histogram,16,donor_majority_accuracy,0.4797297297297297,0.040540540540540515,4
ren,random_forest_cell_type_histogram,32,donor_majority_accuracy,0.5,0.02702702702702703,4
ren,random_forest_cell_type_histogram,64,donor_majority_accuracy,0.5243243243243243,0.0241737078648626,5
ren,random_forest_cell_type_histogram,128,donor_majority_accuracy,0.5495495495495496,0.040690413659950325,6
ren,random_forest_cell_type_histogram,256,donor_majority_accuracy,0.5837837837837838,0.04522486629913922,5
ren,random_forest_cell_type_histogram,512,donor_majority_accuracy,0.6054054054054054,0.07047786384002863,5
ren,random_forest_cell_type_histogram,1,donor_majority_balanced_accuracy,0.4136111111111111,0.08649533379170751,5
ren,random_forest_cell_type_histogram,2,donor_majority_balanced_accuracy,0.4466993464052287,0.11574363446337738,5
ren,random_forest_cell_type_histogram,4,donor_majority_balanced_accuracy,0.4527165032679739,0.0479181525084121,4
ren,random_forest_cell_type_histogram,8,donor_majority_balanced_accuracy,0.37126225490196074,0.030570288104777785,4
ren,random_forest_cell_type_histogram,16,donor_majority_balanced_accuracy,0.3563453159041394,0.034945202267129535,3
ren,random_forest_cell_type_histogram,32,donor_majority_balanced_accuracy,0.4317265795206972,0.07178273687532778,3
ren,random_forest_cell_type_histogram,64,donor_majority_balanced_accuracy,0.41137663398692814,0.039128862616551276,4
ren,random_forest_cell_type_histogram,128,donor_majority_balanced_accuracy,0.46104575163398687,0.06629335377028125,5
ren,random_forest_cell_type_histogram,256,donor_majority_balanced_accuracy,0.4645833333333333,0.06100636681273364,4
ren,random_forest_cell_type_histogram,512,donor_majority_balanced_accuracy,0.5152777777777777,0.12727583490982416,4
ren,logistic_regression_cell_type_histogram,1,group_accuracy,0.3977768567338868,0.07823508595860226,5
ren,logistic_regression_cell_type_histogram,2,group_accuracy,0.3899529605535086,0.16168179286009138,5
ren,logistic_regression_cell_type_histogram,4,group_accuracy,0.46432165005908904,0.07861564442115622,4
ren,logistic_regression_cell_type_histogram,8,group_accuracy,0.4722552758240718,0.06691395575858904,5
ren,logistic_regression_cell_type_histogram,16,group_accuracy,0.439769573209257,0.0018028609148009345,4
ren,logistic_regression_cell_type_histogram,32,group_accuracy,0.43993891015869124,0.03113732235319651,4
ren,logistic_regression_cell_type_histogram,64,group_accuracy,0.5077327121116808,0.06439162676946232,5
ren,logistic_regression_cell_type_histogram,128,group_accuracy,0.5484017979310677,0.04545969700698268,6
ren,logistic_regression_cell_type_histogram,256,group_accuracy,0.5545298532632923,0.028254502847220385,5
ren,logistic_regression_cell_type_histogram,512,group_accuracy,0.5926306621056192,0.05835197760634519,5
ren,logistic_regression_cell_type_histogram,all,group_accuracy,0.5945945945945946,0.04681218398834801,3
ren,logistic_regression_cell_type_histogram,1,group_balanced_accuracy,0.3455581474554213,0.013787607478087065,5
ren,logistic_regression_cell_type_histogram,2,group_balanced_accuracy,0.3979548959081468,0.0627548431728667,5
ren,logistic_regression_cell_type_histogram,4,group_balanced_accuracy,0.45884072275230764,0.017152745508585976,4
ren,logistic_regression_cell_type_histogram,8,group_balanced_accuracy,0.4822010846658493,0.0448987405230393,4
ren,logistic_regression_cell_type_histogram,16,group_balanced_accuracy,0.4822177473127877,0.026034157730070735,3
ren,logistic_regression_cell_type_histogram,32,group_balanced_accuracy,0.48512011065770383,0.03420586383696976,3
ren,logistic_regression_cell_type_histogram,64,group_balanced_accuracy,0.5355582600120823,0.03529244584189311,4
ren,logistic_regression_cell_type_histogram,128,group_balanced_accuracy,0.5701592442613644,0.021815383502219367,5
ren,logistic_regression_cell_type_histogram,256,group_balanced_accuracy,0.5797273599668445,0.0683957861414164,4
ren,logistic_regression_cell_type_histogram,512,group_balanced_accuracy,0.6143907607224228,0.035344713907414914,4
ren,logistic_regression_cell_type_histogram,all,group_balanced_accuracy,0.6299836601307189,0.11080317045063719,2
ren,logistic_regression_cell_type_histogram,1,donor_majority_accuracy,0.41621621621621624,0.06783729944870882,5
ren,logistic_regression_cell_type_histogram,2,donor_majority_accuracy,0.3783783783783784,0.14173092542839885,5
ren,logistic_regression_cell_type_histogram,4,donor_majority_accuracy,0.41216216216216217,0.07107988215342118,4
ren,logistic_regression_cell_type_histogram,8,donor_majority_accuracy,0.454054054054054,0.051987524491003634,5
ren,logistic_regression_cell_type_histogram,16,donor_majority_accuracy,0.44594594594594594,0.02702702702702703,4
ren,logistic_regression_cell_type_histogram,32,donor_majority_accuracy,0.43243243243243246,0.031208122658898694,4
ren,logistic_regression_cell_type_histogram,64,donor_majority_accuracy,0.4864864864864865,0.01911099408612289,5
ren,logistic_regression_cell_type_histogram,128,donor_majority_accuracy,0.5270270270270271,0.03725418581646005,6
ren,logistic_regression_cell_type_histogram,256,donor_majority_accuracy,0.5081081081081081,0.06163110405941284,5
ren,logistic_regression_cell_type_histogram,512,donor_majority_accuracy,0.5621621621621621,0.04834741572972517,5
ren,logistic_regression_cell_type_histogram,1,donor_majority_balanced_accuracy,0.3085784313725489,0.045197168333589846,5
ren,logistic_regression_cell_type_histogram,2,donor_majority_balanced_accuracy,0.412140522875817,0.0960837736387692,5
ren,logistic_regression_cell_type_histogram,4,donor_majority_balanced_accuracy,0.46225490196078434,0.06836525283155784,4
ren,logistic_regression_cell_type_histogram,8,donor_majority_balanced_accuracy,0.49779411764705883,0.04220907998787748,4
ren,logistic_regression_cell_type_histogram,16,donor_majority_balanced_accuracy,0.5203703703703705,0.06793640035567132,3
ren,logistic_regression_cell_type_histogram,32,donor_majority_balanced_accuracy,0.49041394335511984,0.05001643951338079,3
ren,logistic_regression_cell_type_histogram,64,donor_majority_balanced_accuracy,0.5209763071895425,0.061353666191874,4
ren,logistic_regression_cell_type_histogram,128,donor_majority_balanced_accuracy,0.5744117647058824,0.0588833381042634,5
ren,logistic_regression_cell_type_histogram,256,donor_majority_balanced_accuracy,0.5483660130718955,0.1210380343582829,4
ren,logistic_regression_cell_type_histogram,512,donor_majority_balanced_accuracy,0.5803921568627451,0.06554222816586494,4
ren,cellcnn,2,group_accuracy,0.3666910759114153,0.061568704813596,5
ren,cellcnn,4,group_accuracy,0.35930930230492913,0.06436851238639861,5
ren,cellcnn,8,group_accuracy,0.3520032031036454,0.034762873803699475,5
ren,cellcnn,16,group_accuracy,0.35978606136997854,0.056441394190758644,5
ren,cellcnn,32,group_accuracy,0.3536417581381221,0.042032437455189114,5
ren,cellcnn,64,group_accuracy,0.3612093678782139,0.048774332648920095,5
ren,cellcnn,128,group_accuracy,0.36244038962834163,0.05714587479135389,5
ren,cellcnn,256,group_accuracy,0.37304105657764197,0.06672846649652237,4
ren,cellcnn,512,group_accuracy,0.3919563916226875,0.10558816052940573,3
ren,cellcnn,2,group_balanced_accuracy,0.4327454694837951,0.0669616912668647,5
ren,cellcnn,4,group_balanced_accuracy,0.4512568002494016,0.05561378400429139,5
ren,cellcnn,8,group_balanced_accuracy,0.447490419504146,0.032247382569843906,5
ren,cellcnn,16,group_balanced_accuracy,0.45155503367461514,0.04368896566643512,5
ren,cellcnn,32,group_balanced_accuracy,0.45023971366846327,0.03530041587787232,5
ren,cellcnn,64,group_balanced_accuracy,0.4788260456976941,0.030731973318037283,5
ren,cellcnn,128,group_balanced_accuracy,0.4892675441826523,0.02539920151667896,5
ren,cellcnn,256,group_balanced_accuracy,0.49234890908877377,0.04030151791248581,4
ren,cellcnn,512,group_balanced_accuracy,0.526865885622347,0.0747342607307738,3
ren,cellcnn,2,donor_majority_accuracy,0.3621621621621622,0.0650897004259043,5
ren,cellcnn,4,donor_majority_accuracy,0.35135135135135137,0.08108108108108109,5
ren,cellcnn,8,donor_majority_accuracy,0.3513513513513514,0.05733298225836873,5
ren,cellcnn,16,donor_majority_accuracy,0.3621621621621622,0.07786410968047532,5
ren,cellcnn,32,donor_majority_accuracy,0.3567567567567568,0.06163110405941286,5
ren,cellcnn,64,donor_majority_accuracy,0.35135135135135137,0.046812183988348036,5
ren,cellcnn,128,donor_majority_accuracy,0.3567567567567568,0.07499695635411681,5
ren,cellcnn,256,donor_majority_accuracy,0.3581081081081081,0.05571764358942785,4
ren,cellcnn,512,donor_majority_accuracy,0.3873873873873874,0.09491579957524991,3
ren,cellcnn,2,donor_majority_balanced_accuracy,0.4836274509803921,0.07197674396937996,5
ren,cellcnn,4,donor_majority_balanced_accuracy,0.48424836601307186,0.06575948368046347,5
ren,cellcnn,8,donor_majority_balanced_accuracy,0.4844607843137255,0.05301873403967271,5
ren,cellcnn,16,donor_majority_balanced_accuracy,0.47424836601307196,0.051283227044470026,5
ren,cellcnn,32,donor_majority_balanced_accuracy,0.4802614379084968,0.04788120522222949,5
ren,cellcnn,64,donor_majority_balanced_accuracy,0.48473856209150323,0.012490838840371613,5
ren,cellcnn,128,donor_majority_balanced_accuracy,0.4889379084967319,0.033138608472954516,5
ren,cellcnn,256,donor_majority_balanced_accuracy,0.47651143790849676,0.02872856189009267,4
ren,cellcnn,512,donor_majority_balanced_accuracy,0.5242102396514161,0.06762862133360287,3
ren,scagg,2,group_accuracy,0.19653407268925935,0.0981690821188146,5
ren,scagg,4,group_accuracy,0.26355321385232755,0.15266756553899744,5
ren,scagg,8,group_accuracy,0.21086144628529876,0.1521323625549671,5
ren,scagg,16,group_accuracy,0.2549840162743388,0.1545549436115539,5
ren,scagg,32,group_accuracy,0.20322547579184747,0.13764448356426923,5
ren,scagg,64,group_accuracy,0.20686790686790685,0.14486445685312438,5
ren,scagg,128,group_accuracy,0.19847119847119848,0.12705530666046877,5
ren,scagg,256,group_accuracy,0.17683592683592686,0.06661332531044957,4
ren,scagg,512,group_accuracy,0.14414414414414414,0.015604061329449345,3
ren,scagg,2,group_balanced_accuracy,0.3601613524341215,0.03625406504279375,5
ren,scagg,4,group_balanced_accuracy,0.3885605075756188,0.06436982680733741,5
ren,scagg,8,group_balanced_accuracy,0.3638365425106402,0.05542859428730678,5
ren,scagg,16,group_balanced_accuracy,0.36983148540883776,0.07054533289256598,5
ren,scagg,32,group_balanced_accuracy,0.3658314741825933,0.06168507258336481,5
ren,scagg,64,group_balanced_accuracy,0.3497077922077922,0.025893549346911186,5
ren,scagg,128,group_balanced_accuracy,0.3774366211130917,0.08743836466494975,5
ren,scagg,256,group_balanced_accuracy,0.36389322142998615,0.0482411373502581,4
ren,scagg,512,group_balanced_accuracy,0.34027777777777773,0.012028130608117226,3
ren,scagg,2,donor_majority_accuracy,0.2,0.11718639669556108,5
ren,scagg,4,donor_majority_accuracy,0.254054054054054,0.15120649438593908,5
ren,scagg,8,donor_majority_accuracy,0.21621621621621617,0.16660578386402639,5
ren,scagg,16,donor_majority_accuracy,0.2594594594594594,0.15943655355408246,5
ren,scagg,32,donor_majority_accuracy,0.2054054054054054,0.14250190623204398,5
ren,scagg,64,donor_majority_accuracy,0.2054054054054054,0.14250190623204398,5
ren,scagg,128,donor_majority_accuracy,0.2,0.13045965822861808,5
ren,scagg,256,donor_majority_accuracy,0.17567567567567566,0.06433719304993558,4
ren,scagg,512,donor_majority_accuracy,0.14414414414414414,0.015604061329449345,3
ren,scagg,2,donor_majority_balanced_accuracy,0.3714705882352941,0.06455753940390674,5
ren,scagg,4,donor_majority_balanced_accuracy,0.3822058823529412,0.058451540308175856,5
ren,scagg,8,donor_majority_balanced_accuracy,0.373578431372549,0.0788622508784155,5
ren,scagg,16,donor_majority_balanced_accuracy,0.37671568627450974,0.08583506901863186,5
ren,scagg,32,donor_majority_balanced_accuracy,0.365735294117647,0.061472327742219925,5
ren,scagg,64,donor_majority_balanced_accuracy,0.3469117647058823,0.020776739740963807,5
ren,scagg,128,donor_majority_balanced_accuracy,0.3806372549019607,0.09455989082433677,5
ren,scagg,256,donor_majority_balanced_accuracy,0.3630514705882353,0.04659415150192447,4
ren,scagg,512,donor_majority_balanced_accuracy,0.34027777777777773,0.012028130608117226,3
ren,scrat,2,group_accuracy,0.6034594594594594,0.05455256610788754,5
ren,scrat,4,group_accuracy,0.6315675675675676,0.0386034511754956,5
ren,scrat,8,group_accuracy,0.6452972972972975,0.03436877309295851,5
ren,scrat,16,group_accuracy,0.6294054054054053,0.08065165562106759,5
ren,scrat,32,group_accuracy,0.6351351351351351,0.05299778789986462,5
ren,scrat,64,group_accuracy,0.6170810810810811,0.05713464931139174,5
ren,scrat,128,group_accuracy,0.6302702702702703,0.05815774121648764,5
ren,scrat,256,group_accuracy,0.6110810810810811,0.08815562748855657,4
ren,scrat,512,group_accuracy,0.561081081081081,0.06629724771651169,3
ren,scrat,2,group_balanced_accuracy,0.6275271241830065,0.05841637278045998,5
ren,scrat,4,group_balanced_accuracy,0.6542081699346406,0.02785662750649679,5
ren,scrat,8,group_balanced_accuracy,0.6579967320261438,0.05244078509173594,5
ren,scrat,16,group_balanced_accuracy,0.6322467320261438,0.12224689861341642,5
ren,scrat,32,group_balanced_accuracy,0.6350307189542485,0.11598857979523296,5
ren,scrat,64,group_balanced_accuracy,0.5845228758169935,0.13822681813968787,5
ren,scrat,128,group_balanced_accuracy,0.6214104575163399,0.13120806258349862,5
ren,scrat,256,group_balanced_accuracy,0.6059448529411765,0.1429527115915964,4
ren,scrat,512,group_balanced_accuracy,0.6291873638344225,0.04472987406311511,3
ren,scrat,2,donor_majority_accuracy,0.6432432432432432,0.07971827677704124,5
ren,scrat,4,donor_majority_accuracy,0.664864864864865,0.04098851591379219,5
ren,scrat,8,donor_majority_accuracy,0.6702702702702703,0.05859319834778057,5
ren,scrat,16,donor_majority_accuracy,0.6324324324324324,0.0778641096804753,5
ren,scrat,32,donor_majority_accuracy,0.6270270270270271,0.051987524491003655,5
ren,scrat,64,donor_majority_accuracy,0.6108108108108109,0.05268537483680522,5
ren,scrat,128,donor_majority_accuracy,0.6216216216216217,0.06338399675437066,5
ren,scrat,256,donor_majority_accuracy,0.6216216216216216,0.07956541321016078,4
ren,scrat,512,donor_majority_accuracy,0.5675675675675675,0.07150679219093486,3
ren,scrat,2,donor_majority_balanced_accuracy,0.6670751633986928,0.09407139613396048,5
ren,scrat,4,donor_majority_balanced_accuracy,0.7051470588235295,0.01644411192863936,5
ren,scrat,8,donor_majority_balanced_accuracy,0.6839705882352941,0.0907989349077128,5
ren,scrat,16,donor_majority_balanced_accuracy,0.6362908496732026,0.11800989686299448,5
ren,scrat,32,donor_majority_balanced_accuracy,0.6314705882352941,0.11398568843673652,5
ren,scrat,64,donor_majority_balanced_accuracy,0.5820915032679738,0.1347181272837118,5
ren,scrat,128,donor_majority_balanced_accuracy,0.6168790849673202,0.13428288094222632,5
ren,scrat,256,donor_majority_balanced_accuracy,0.6141748366013072,0.14023704114615365,4
ren,scrat,512,donor_majority_balanced_accuracy,0.634041394335512,0.04640323897203873,3
stevenson,tissueformer,1,group_accuracy,0.5807332446484263,0.10506871302625218,3
stevenson,tissueformer,2,group_accuracy,0.5363822442980178,0.0684254767209379,5
stevenson,tissueformer,4,group_accuracy,0.6130515048046687,0.06381467004284093,5
stevenson,tissueformer,8,group_accuracy,0.6587985156043505,0.10932770210772483,4
stevenson,tissueformer,16,group_accuracy,0.6345056100136828,0.10287858685162991,5
stevenson,tissueformer,32,group_accuracy,0.6499320101729666,0.07353947070183624,4
stevenson,tissueformer,64,group_accuracy,0.6342184543613834,0.12194250055257917,3
stevenson,tissueformer,128,group_accuracy,0.6233053925597092,0.14607569694329117,4
stevenson,tissueformer,256,group_accuracy,0.5650798959603773,0.052090616393416785,4
stevenson,tissueformer,512,group_accuracy,0.7746815866949349,0.10172159761096365,3
stevenson,tissueformer,1,group_balanced_accuracy,0.5531282239293858,0.01955588157879572,3
stevenson,tissueformer,2,group_balanced_accuracy,0.6031537350802852,0.03205268427476906,5
stevenson,tissueformer,4,group_balanced_accuracy,0.6432158397607207,0.04983928004982653,5
stevenson,tissueformer,8,group_balanced_accuracy,0.6436504562223393,0.032510216041884324,4
stevenson,tissueformer,16,group_balanced_accuracy,0.6562186978000231,0.0484125732720477,5
stevenson,tissueformer,32,group_balanced_accuracy,0.6836693271406459,0.010219737632123714,4
stevenson,tissueformer,64,group_balanced_accuracy,0.6761477081291578,0.06776629714447145,3
stevenson,tissueformer,128,group_balanced_accuracy,0.6899674332468081,0.07485484307811192,4
stevenson,tissueformer,256,group_balanced_accuracy,0.6397065152932764,0.0780864574804479,4
stevenson,tissueformer,512,group_balanced_accuracy,0.7158147173107907,0.19067939842949008,3
stevenson,tissueformer,1,donor_majority_accuracy,0.6121212121212121,0.1021800927278022,3
stevenson,tissueformer,2,donor_majority_accuracy,0.5763203463203463,0.10589013599496692,5
stevenson,tissueformer,4,donor_majority_accuracy,0.623982683982684,0.08701707901041328,5
stevenson,tissueformer,8,donor_majority_accuracy,0.6751623376623377,0.13665231760200322,4
stevenson,tissueformer,16,donor_majority_accuracy,0.6525541125541124,0.08716394047787446,5
stevenson,tissueformer,32,donor_majority_accuracy,0.648538961038961,0.07424471176413552,4
stevenson,tissueformer,64,donor_majority_accuracy,0.706060606060606,0.178685127124916,3
stevenson,tissueformer,128,donor_majority_accuracy,0.5787337662337662,0.1430629912046056,4
stevenson,tissueformer,256,donor_majority_accuracy,0.5048701298701299,0.066512231873634,4
stevenson,tissueformer,512,donor_majority_accuracy,0.6971861471861471,0.04137710709179377,3
stevenson,tissueformer,1,donor_majority_balanced_accuracy,0.5839506172839507,0.014021995915556208,3
stevenson,tissueformer,2,donor_majority_balanced_accuracy,0.6503439153439153,0.09458363833056807,5
stevenson,tissueformer,4,donor_majority_balanced_accuracy,0.6643121693121694,0.06310025714067392,5
stevenson,tissueformer,8,donor_majority_balanced_accuracy,0.6748015873015872,0.08779173372795378,4
stevenson,tissueformer,16,donor_majority_balanced_accuracy,0.6814285714285713,0.06428412206533005,5
stevenson,tissueformer,32,donor_majority_balanced_accuracy,0.6769179894179895,0.0281199011907496,4
stevenson,tissueformer,64,donor_majority_balanced_accuracy,0.7179012345679013,0.13269307868967584,3
stevenson,tissueformer,128,donor_majority_balanced_accuracy,0.6384589947089947,0.09178085701585963,4
stevenson,tissueformer,256,donor_majority_balanced_accuracy,0.5859126984126983,0.11284433320913803,4
stevenson,tissueformer,512,donor_majority_balanced_accuracy,0.6843915343915343,0.13855136614830046,3
stevenson,random_forest_pseudobulk,1,group_accuracy,0.5468846177692884,0.12556297247926812,5
stevenson,random_forest_pseudobulk,2,group_accuracy,0.5630981846514852,0.1362017459506797,5
stevenson,random_forest_pseudobulk,4,group_accuracy,0.5696109105806714,0.14091216102873003,5
stevenson,random_forest_pseudobulk,8,group_accuracy,0.6061512552313086,0.146654099448679,5
stevenson,random_forest_pseudobulk,16,group_accuracy,0.5752341076883392,0.14446225145431063,4
stevenson,random_forest_pseudobulk,32,group_accuracy,0.5964830301088623,0.19067619158405572,6
stevenson,random_forest_pseudobulk,64,group_accuracy,0.6330817793186121,0.1652044445070575,5
stevenson,random_forest_pseudobulk,128,group_accuracy,0.6416050234857762,0.16810176567076557,5
stevenson,random_forest_pseudobulk,256,group_accuracy,0.653497460975999,0.15447108297353013,5
stevenson,random_forest_pseudobulk,512,group_accuracy,0.6469193505980855,0.17400875435570864,5
stevenson,random_forest_pseudobulk,all,group_accuracy,0.6330303030303029,0.08421994200876459,5
stevenson,random_forest_pseudobulk,1,group_balanced_accuracy,0.3597886241428717,0.027307614511625878,5
stevenson,random_forest_pseudobulk,2,group_balanced_accuracy,0.36830080411230504,0.040553561000339834,5
stevenson,random_forest_pseudobulk,4,group_balanced_accuracy,0.34940590337299465,0.01901335773104238,5
stevenson,random_forest_pseudobulk,8,group_balanced_accuracy,0.41565657888752244,0.08335190470845645,5
stevenson,random_forest_pseudobulk,16,group_balanced_accuracy,0.42736378249091955,0.06880623273558811,4
stevenson,random_forest_pseudobulk,32,group_balanced_accuracy,0.47657103743991586,0.11985710625400908,6
stevenson,random_forest_pseudobulk,64,group_balanced_accuracy,0.504790717720236,0.09923853897697299,5
stevenson,random_forest_pseudobulk,128,group_balanced_accuracy,0.5398206268116981,0.13303857237478803,5
stevenson,random_forest_pseudobulk,256,group_balanced_accuracy,0.5602853925128326,0.07820582638989347,5
stevenson,random_forest_pseudobulk,512,group_balanced_accuracy,0.5628255658604424,0.13285033728048157,5
stevenson,random_forest_pseudobulk,all,group_balanced_accuracy,0.5920634920634921,0.09426754140508724,5
stevenson,random_forest_pseudobulk,1,donor_majority_accuracy,0.5186147186147185,0.15155070702172793,5
stevenson,random_forest_pseudobulk,2,donor_majority_accuracy,0.5281385281385281,0.1641529101789057,5
stevenson,random_forest_pseudobulk,4,donor_majority_accuracy,0.5186147186147185,0.15155070702172793,5
stevenson,random_forest_pseudobulk,8,donor_majority_accuracy,0.5757575757575758,0.15544531696337446,5
stevenson,random_forest_pseudobulk,16,donor_majority_accuracy,0.5548160173160173,0.14456901808301353,4
stevenson,random_forest_pseudobulk,32,donor_majority_accuracy,0.5650072150072151,0.19131660654450847,6
stevenson,random_forest_pseudobulk,64,donor_majority_accuracy,0.6152813852813852,0.18427005822447592,5
stevenson,random_forest_pseudobulk,128,donor_majority_accuracy,0.6061904761904762,0.18126355832669946,5
stevenson,random_forest_pseudobulk,256,donor_majority_accuracy,0.5962337662337662,0.14395986574466568,5
stevenson,random_forest_pseudobulk,512,donor_majority_accuracy,0.6135497835497834,0.12927910247392252,5
stevenson,random_forest_pseudobulk,1,donor_majority_balanced_accuracy,0.3333333333333333,0.0,5
stevenson,random_forest_pseudobulk,2,donor_majority_balanced_accuracy,0.3466666666666666,0.029814239699997216,5
stevenson,random_forest_pseudobulk,4,donor_majority_balanced_accuracy,0.3333333333333333,0.0,5
stevenson,random_forest_pseudobulk,8,donor_majority_balanced_accuracy,0.4133333333333334,0.11925695879998878,5
stevenson,random_forest_pseudobulk,16,donor_majority_balanced_accuracy,0.43333333333333335,0.11547005383792516,4
stevenson,random_forest_pseudobulk,32,donor_majority_balanced_accuracy,0.4671296296296297,0.11288058623594757,6
stevenson,random_forest_pseudobulk,64,donor_majority_balanced_accuracy,0.5022222222222221,0.1001233806761672,5
stevenson,random_forest_pseudobulk,128,donor_majority_balanced_accuracy,0.5263492063492063,0.1463144261946621,5
stevenson,random_forest_pseudobulk,256,donor_majority_balanced_accuracy,0.5104761904761904,0.06720868100715184,5
stevenson,random_forest_pseudobulk,512,donor_majority_balanced_accuracy,0.5687301587301588,0.12185783653718296,5
stevenson,logistic_regression_pseudobulk,1,group_accuracy,0.4554851898128904,0.0733442459958177,5
stevenson,logistic_regression_pseudobulk,2,group_accuracy,0.4777735518289692,0.060870036133394964,5
stevenson,logistic_regression_pseudobulk,4,group_accuracy,0.4926327158214443,0.04416767284203076,5
stevenson,logistic_regression_pseudobulk,8,group_accuracy,0.4395534074299722,0.15855628643421646,5
stevenson,logistic_regression_pseudobulk,16,group_accuracy,0.5362421929666198,0.08860134034822778,4
stevenson,logistic_regression_pseudobulk,32,group_accuracy,0.5458527660283938,0.09488126925280418,6
stevenson,logistic_regression_pseudobulk,64,group_accuracy,0.573919439307392,0.0821332009758811,5
stevenson,logistic_regression_pseudobulk,128,group_accuracy,0.5953415052897795,0.0668426509569595,5
stevenson,logistic_regression_pseudobulk,256,group_accuracy,0.6342884061812455,0.06170997042281709,5
stevenson,logistic_regression_pseudobulk,512,group_accuracy,0.5771357112811154,0.2056874082219515,5
stevenson,logistic_regression_pseudobulk,all,group_accuracy,0.6812121212121213,0.10103130059951815,5
stevenson,logistic_regression_pseudobulk,1,group_balanced_accuracy,0.3660463219636708,0.02415675832966282,5
stevenson,logistic_regression_pseudobulk,2,group_balanced_accuracy,0.4194066318038465,0.03209155694134367,5
stevenson,logistic_regression_pseudobulk,4,group_balanced_accuracy,0.4382843324930613,0.051711224399179294,5
stevenson,logistic_regression_pseudobulk,8,group_balanced_accuracy,0.4539943192032426,0.06822362500187827,5
stevenson,logistic_regression_pseudobulk,16,group_balanced_accuracy,0.5041037117525952,0.024389725637139693,4
stevenson,logistic_regression_pseudobulk,32,group_balanced_accuracy,0.5791415779426037,0.058216568437089986,6
stevenson,logistic_regression_pseudobulk,64,group_balanced_accuracy,0.609727185702648,0.07093084337218535,5
stevenson,logistic_regression_pseudobulk,128,group_balanced_accuracy,0.6337835921332916,0.06315603861582471,5
stevenson,logistic_regression_pseudobulk,256,group_balanced_accuracy,0.6706785274974812,0.034628411709690485,5
stevenson,logistic_regression_pseudobulk,512,group_balanced_accuracy,0.6314883064544977,0.1668624767461354,5
stevenson,logistic_regression_pseudobulk,all,group_balanced_accuracy,0.7282010582010583,0.0764302151205708,5
stevenson,logistic_regression_pseudobulk,1,donor_majority_accuracy,0.5186147186147185,0.15155070702172793,5
stevenson,logistic_regression_pseudobulk,2,donor_majority_accuracy,0.5272727272727272,0.12221868707311086,5
stevenson,logistic_regression_pseudobulk,4,donor_majority_accuracy,0.554978354978355,0.1606885938623136,5
stevenson,logistic_regression_pseudobulk,8,donor_majority_accuracy,0.4758874458874459,0.19972442174929786,5
stevenson,logistic_regression_pseudobulk,16,donor_majority_accuracy,0.6127705627705629,0.11740384246361217,4
stevenson,logistic_regression_pseudobulk,32,donor_majority_accuracy,0.5571067821067821,0.10546705694468214,6
stevenson,logistic_regression_pseudobulk,64,donor_majority_accuracy,0.6352813852813852,0.10811682895014872,5
stevenson,logistic_regression_pseudobulk,128,donor_majority_accuracy,0.6244155844155843,0.07738668885587648,5
stevenson,logistic_regression_pseudobulk,256,donor_majority_accuracy,0.6443722943722944,0.12986020885626715,5
stevenson,logistic_regression_pseudobulk,512,donor_majority_accuracy,0.5854545454545456,0.20465539087377868,5
stevenson,logistic_regression_pseudobulk,1,donor_majority_balanced_accuracy,0.3333333333333333,0.0,5
stevenson,logistic_regression_pseudobulk,2,donor_majority_balanced_accuracy,0.445079365079365,0.10984310485667868,5
stevenson,logistic_regression_pseudobulk,4,donor_majority_balanced_accuracy,0.4795238095238096,0.14997732254881593,5
stevenson,logistic_regression_pseudobulk,8,donor_majority_balanced_accuracy,0.5069576719576719,0.09833032978432428,5
stevenson,logistic_regression_pseudobulk,16,donor_majority_balanced_accuracy,0.5988425925925925,0.060051489680892765,4
stevenson,logistic_regression_pseudobulk,32,donor_majority_balanced_accuracy,0.5948192239858906,0.0731607725965291,6
stevenson,logistic_regression_pseudobulk,64,donor_majority_balanced_accuracy,0.6776719576719578,0.07217553532960307,5
stevenson,logistic_regression_pseudobulk,128,donor_majority_balanced_accuracy,0.6715343915343915,0.04914180496893481,5
stevenson,logistic_regression_pseudobulk,256,donor_majority_balanced_accuracy,0.6857936507936507,0.0833958571191093,5
stevenson,logistic_regression_pseudobulk,512,donor_majority_balanced_accuracy,0.6212962962962962,0.17248834476837208,5
stevenson,random_forest_cell_type_histogram,1,group_accuracy,0.38353215935472684,0.057012057409444795,5
stevenson,random_forest_cell_type_histogram,2,group_accuracy,0.4421737057603433,0.08324923283648196,5
stevenson,random_forest_cell_type_histogram,4,group_accuracy,0.4565775846440568,0.060576284585494786,5
stevenson,random_forest_cell_type_histogram,8,group_accuracy,0.5161578875780555,0.08624801683797088,5
stevenson,random_forest_cell_type_histogram,16,group_accuracy,0.4984117147731639,0.06752781398282086,4
stevenson,random_forest_cell_type_histogram,32,group_accuracy,0.541962037600486,0.13246711198455505,6
stevenson,random_forest_cell_type_histogram,64,group_accuracy,0.5734453124462169,0.11384339705676641,5
stevenson,random_forest_cell_type_histogram,128,group_accuracy,0.5838872267312601,0.15753041376364907,5
stevenson,random_forest_cell_type_histogram,256,group_accuracy,0.5711162652892084,0.16281817353608913,5
stevenson,random_forest_cell_type_histogram,512,group_accuracy,0.5994513910578199,0.1553212483447151,5
stevenson,random_forest_cell_type_histogram,all,group_accuracy,0.5662770562770563,0.06547116362943876,5
stevenson,random_forest_cell_type_histogram,1,group_balanced_accuracy,0.3457980320325529,0.029735096391919413,5
stevenson,random_forest_cell_type_histogram,2,group_balanced_accuracy,0.37121093845140896,0.04875383914785831,5
stevenson,random_forest_cell_type_histogram,4,group_balanced_accuracy,0.3694553252303065,0.032516995686343454,5
stevenson,random_forest_cell_type_histogram,8,group_balanced_accuracy,0.4126240160273831,0.07945361277557593,5
stevenson,random_forest_cell_type_histogram,16,group_balanced_accuracy,0.3940355252689339,0.04101993809688713,4
stevenson,random_forest_cell_type_histogram,32,group_balanced_accuracy,0.4199213369552702,0.06909099329837447,6
stevenson,random_forest_cell_type_histogram,64,group_balanced_accuracy,0.472334778861579,0.08511004861471094,5
stevenson,random_forest_cell_type_histogram,128,group_balanced_accuracy,0.47395672675813943,0.10576504088428541,5
stevenson,random_forest_cell_type_histogram,256,group_balanced_accuracy,0.48384517672499444,0.1213358067143235,5
stevenson,random_forest_cell_type_histogram,512,group_balanced_accuracy,0.5309730372767654,0.2155346627162886,5
stevenson,random_forest_cell_type_histogram,all,group_balanced_accuracy,0.5015079365079366,0.040024715216579666,5
stevenson,random_forest_cell_type_histogram,1,donor_majority_accuracy,0.4322943722943723,0.11938935602364392,5
stevenson,random_forest_cell_type_histogram,2,donor_majority_accuracy,0.5,0.1279987830473811,5
stevenson,random_forest_cell_type_histogram,4,donor_majority_accuracy,0.4727272727272728,0.10394794882495913,5
stevenson,random_forest_cell_type_histogram,8,donor_majority_accuracy,0.5471861471861472,0.1939700713986943,5
stevenson,random_forest_cell_type_histogram,16,donor_majority_accuracy,0.5060064935064935,0.14036930044390733,4
stevenson,random_forest_cell_type_histogram,32,donor_majority_accuracy,0.5245310245310245,0.1830542741240997,6
stevenson,random_forest_cell_type_histogram,64,donor_majority_accuracy,0.5216883116883118,0.15505530267070108,5
stevenson,random_forest_cell_type_histogram,128,donor_majority_accuracy,0.5771428571428572,0.19370598972947475,5
stevenson,random_forest_cell_type_histogram,256,donor_majority_accuracy,0.5303463203463205,0.13909266735886502,5
stevenson,random_forest_cell_type_histogram,512,donor_majority_accuracy,0.5762770562770563,0.1211790307336723,5
stevenson,random_forest_cell_type_histogram,1,donor_majority_balanced_accuracy,0.39444444444444443,0.09984555975339683,5
stevenson,random_forest_cell_type_histogram,2,donor_majority_balanced_accuracy,0.36126984126984124,0.07550618635168019,5
stevenson,random_forest_cell_type_histogram,4,donor_majority_balanced_accuracy,0.3687301587301587,0.09543894165791059,5
stevenson,random_forest_cell_type_histogram,8,donor_majority_balanced_accuracy,0.4019047619047619,0.15333037559998555,5
stevenson,random_forest_cell_type_histogram,16,donor_majority_balanced_accuracy,0.3666666666666667,0.03849001794597507,4
stevenson,random_forest_cell_type_histogram,32,donor_majority_balanced_accuracy,0.3833333333333333,0.07817359599705716,6
stevenson,random_forest_cell_type_histogram,64,donor_majority_balanced_accuracy,0.4038095238095238,0.1460903953999643,5
stevenson,random_forest_cell_type_histogram,128,donor_majority_balanced_accuracy,0.4522222222222222,0.09872645835968649,5
stevenson,random_forest_cell_type_histogram,256,donor_majority_balanced_accuracy,0.44825396825396824,0.08310702452756409,5
stevenson,random_forest_cell_type_histogram,512,donor_majority_balanced_accuracy,0.5265079365079365,0.20097676574134346,5
stevenson,logistic_regression_cell_type_histogram,1,group_accuracy,0.3230278079752193,0.09858434372704124,5
stevenson,logistic_regression_cell_type_histogram,2,group_accuracy,0.309117180818518,0.11688479864154917,5
stevenson,logistic_regression_cell_type_histogram,4,group_accuracy,0.4115397921923411,0.015247983137085587,5
stevenson,logistic_regression_cell_type_histogram,8,group_accuracy,0.39905780762969434,0.09936349090452273,5
stevenson,logistic_regression_cell_type_histogram,16,group_accuracy,0.3701826686192968,0.11056029427173396,4
stevenson,logistic_regression_cell_type_histogram,32,group_accuracy,0.44405050138312885,0.12246423200776925,6
stevenson,logistic_regression_cell_type_histogram,64,group_accuracy,0.48280231977001914,0.07919760038226555,5
stevenson,logistic_regression_cell_type_histogram,128,group_accuracy,0.51724937714817,0.07779563763216955,5
stevenson,logistic_regression_cell_type_histogram,256,group_accuracy,0.5399387039008171,0.1797363676888461,5
stevenson,logistic_regression_cell_type_histogram,512,group_accuracy,0.517870841334752,0.12057915545702591,5
stevenson,logistic_regression_cell_type_histogram,all,group_accuracy,0.5413852813852814,0.16879331354936697,5
stevenson,logistic_regression_cell_type_histogram,1,group_balanced_accuracy,0.3330171393441794,0.002933689749711601,5
stevenson,logistic_regression_cell_type_histogram,2,group_balanced_accuracy,0.3596342384084217,0.040914046503076285,5
stevenson,logistic_regression_cell_type_histogram,4,group_balanced_accuracy,0.3724606582345512,0.05285613986775386,5
stevenson,logistic_regression_cell_type_histogram,8,group_balanced_accuracy,0.3858538300321238,0.11338106911582048,5
stevenson,logistic_regression_cell_type_histogram,16,group_balanced_accuracy,0.3626850878910964,0.05355381498893953,4
stevenson,logistic_regression_cell_type_histogram,32,group_balanced_accuracy,0.3979018430469358,0.08613883621996268,6
stevenson,logistic_regression_cell_type_histogram,64,group_balanced_accuracy,0.484388862929912,0.07567069005232528,5
stevenson,logistic_regression_cell_type_histogram,128,group_balanced_accuracy,0.5440020503240538,0.11716697151004725,5
stevenson,logistic_regression_cell_type_histogram,256,group_balanced_accuracy,0.568662265617466,0.18512631302134577,5
stevenson,logistic_regression_cell_type_histogram,512,group_balanced_accuracy,0.567851103286902,0.11842282761800921,5
stevenson,logistic_regression_cell_type_histogram,all,group_balanced_accuracy,0.5807936507936509,0.14019723895293984,5
stevenson,logistic_regression_cell_type_histogram,1,donor_majority_accuracy,0.3504761904761905,0.15677529670332546,5
stevenson,logistic_regression_cell_type_histogram,2,donor_majority_accuracy,0.39047619047619053,0.22658419719459807,5
stevenson,logistic_regression_cell_type_histogram,4,donor_majority_accuracy,0.4995670995670995,0.07304032294867824,5
stevenson,logistic_regression_cell_type_histogram,8,donor_majority_accuracy,0.45415584415584415,0.11548003458427972,5
stevenson,logistic_regression_cell_type_histogram,16,donor_majority_accuracy,0.3765692640692641,0.10134869682367431,4
stevenson,logistic_regression_cell_type_histogram,32,donor_majority_accuracy,0.423953823953824,0.12616405139904083,6
stevenson,logistic_regression_cell_type_histogram,64,donor_majority_accuracy,0.5118181818181818,0.1330483757127172,5
stevenson,logistic_regression_cell_type_histogram,128,donor_majority_accuracy,0.6048484848484849,0.07646754521143004,5
stevenson,logistic_regression_cell_type_histogram,256,donor_majority_accuracy,0.6062337662337661,0.1615439760973442,5
stevenson,logistic_regression_cell_type_histogram,512,donor_majority_accuracy,0.5703030303030303,0.20714016563365137,5
stevenson,logistic_regression_cell_type_histogram,1,donor_majority_balanced_accuracy,0.36,0.07958224257542215,5
stevenson,logistic_regression_cell_type_histogram,2,donor_majority_balanced_accuracy,0.43047619047619046,0.15392079124447175,5
stevenson,logistic_regression_cell_type_histogram,4,donor_majority_balanced_accuracy,0.3936507936507936,0.08903049944368352,5
stevenson,logistic_regression_cell_type_histogram,8,donor_majority_balanced_accuracy,0.42783068783068784,0.1929896809075964,5
stevenson,logistic_regression_cell_type_histogram,16,donor_majority_balanced_accuracy,0.33171296296296293,0.12437859947848928,4
stevenson,logistic_regression_cell_type_histogram,32,donor_majority_balanced_accuracy,0.3916666666666666,0.06972166887783965,6
stevenson,logistic_regression_cell_type_histogram,64,donor_majority_balanced_accuracy,0.5097883597883598,0.11812254483419989,5
stevenson,logistic_regression_cell_type_histogram,128,donor_majority_balanced_accuracy,0.6442592592592593,0.11435166441730026,5
stevenson,logistic_regression_cell_type_histogram,256,donor_majority_balanced_accuracy,0.6188095238095238,0.21965739258767897,5
stevenson,logistic_regression_cell_type_histogram,512,donor_majority_balanced_accuracy,0.6182010582010582,0.1659398150770971,5
stevenson,cellcnn,2,group_accuracy,0.28242399368068744,0.11376483784491875,5
stevenson,cellcnn,4,group_accuracy,0.2989088364789128,0.10732969109065056,5
stevenson,cellcnn,8,group_accuracy,0.2722706898051841,0.1090442507443957,5
stevenson,cellcnn,16,group_accuracy,0.27391807152996994,0.10372377327508805,5
stevenson,cellcnn,32,group_accuracy,0.2778319337899987,0.1014258570806122,5
stevenson,cellcnn,64,group_accuracy,0.36394610353587536,0.13171871828668122,5
stevenson,cellcnn,128,group_accuracy,0.4183422018688946,0.1428491201462572,5
stevenson,cellcnn,256,group_accuracy,0.4618342562008867,0.1543744054860278,5
stevenson,cellcnn,512,group_accuracy,0.5554994039776648,0.15453048674051326,5
stevenson,cellcnn,2,group_balanced_accuracy,0.3538806815550277,0.05262489264992437,5
stevenson,cellcnn,4,group_balanced_accuracy,0.3836028936276065,0.04612891367177696,5
stevenson,cellcnn,8,group_balanced_accuracy,0.3651344597731021,0.04594771860998081,5
stevenson,cellcnn,16,group_balanced_accuracy,0.36232210924865155,0.031301779128032226,5
stevenson,cellcnn,32,group_balanced_accuracy,0.37185949379809935,0.03940632888973958,5
stevenson,cellcnn,64,group_balanced_accuracy,0.499873494459712,0.04298423722135664,5
stevenson,cellcnn,128,group_balanced_accuracy,0.5764887889347428,0.04682784714278978,5
stevenson,cellcnn,256,group_balanced_accuracy,0.6106029617652626,0.055427672964990335,5
stevenson,cellcnn,512,group_balanced_accuracy,0.6761627547617886,0.07662179077333359,5
stevenson,cellcnn,2,donor_majority_accuracy,0.28160173160173163,0.1606667252203062,5
stevenson,cellcnn,4,donor_majority_accuracy,0.2906926406926407,0.17660865421197453,5
stevenson,cellcnn,8,donor_majority_accuracy,0.2725108225108225,0.12487789429718486,5
stevenson,cellcnn,16,donor_majority_accuracy,0.3024675324675325,0.1318728694695843,5
stevenson,cellcnn,32,donor_majority_accuracy,0.30207792207792206,0.14334443978668407,5
stevenson,cellcnn,64,donor_majority_accuracy,0.4146320346320346,0.12432173886571912,5
stevenson,cellcnn,128,donor_majority_accuracy,0.42463203463203464,0.14186345999264732,5
stevenson,cellcnn,256,donor_majority_accuracy,0.4532467532467532,0.1660865825689367,5
stevenson,cellcnn,512,donor_majority_accuracy,0.5594805194805195,0.19794549217077298,5
stevenson,cellcnn,2,donor_majority_balanced_accuracy,0.3659259259259259,0.07287925259999314,5
stevenson,cellcnn,4,donor_majority_balanced_accuracy,0.3792592592592593,0.1246834125325746,5
stevenson,cellcnn,8,donor_majority_balanced_accuracy,0.37351851851851847,0.05544587939457842,5
stevenson,cellcnn,16,donor_majority_balanced_accuracy,0.40166666666666667,0.06881940940687525,5
stevenson,cellcnn,32,donor_majority_balanced_accuracy,0.3905555555555555,0.11234729004407233,5
stevenson,cellcnn,64,donor_majority_balanced_accuracy,0.5803703703703703,0.06473010337222454,5
stevenson,cellcnn,128,donor_majority_balanced_accuracy,0.5792592592592593,0.048173070472961,5
stevenson,cellcnn,256,donor_majority_balanced_accuracy,0.6083333333333333,0.06972166887783961,5
stevenson,cellcnn,512,donor_majority_balanced_accuracy,0.6823015873015872,0.1119011031710792,5
stevenson,scagg,2,group_accuracy,0.3254269559758669,0.1952754510920987,5
stevenson,scagg,4,group_accuracy,0.3573163414700763,0.19144363817357613,5
stevenson,scagg,8,group_accuracy,0.34140473972099156,0.19647668070297816,5
stevenson,scagg,16,group_accuracy,0.37689303247962463,0.17519509475444042,5
stevenson,scagg,32,group_accuracy,0.35603354978354973,0.18377189231303065,5
stevenson,scagg,64,group_accuracy,0.39369588744588746,0.17713681772776899,5
stevenson,scagg,128,group_accuracy,0.36796536796536794,0.17742152390277102,5
stevenson,scagg,256,group_accuracy,0.3878364389233955,0.18231273237333012,5
stevenson,scagg,512,group_accuracy,0.37056277056277054,0.19386588114709846,5
stevenson,scagg,2,group_balanced_accuracy,0.32878565937872783,0.01007565478267029,5
stevenson,scagg,4,group_balanced_accuracy,0.3341819997749453,0.0018253650569450936,5
stevenson,scagg,8,group_balanced_accuracy,0.3334567384787004,0.00027594229381401754,5
stevenson,scagg,16,group_balanced_accuracy,0.3594599627560521,0.05842091941214536,5
stevenson,scagg,32,group_balanced_accuracy,0.34051587301587294,0.016060646981248507,5
stevenson,scagg,64,group_balanced_accuracy,0.33972222222222215,0.014285989856248656,5
stevenson,scagg,128,group_balanced_accuracy,0.3401587301587301,0.015262051274998583,5
stevenson,scagg,256,group_balanced_accuracy,0.3279382332643202,0.06440447659114044,5
stevenson,scagg,512,group_balanced_accuracy,0.31269841269841264,0.04614108524999565,5
stevenson,scagg,2,donor_majority_accuracy,0.32229437229437224,0.19616289738646076,5
stevenson,scagg,4,donor_majority_accuracy,0.3556277056277056,0.19267048264239942,5
stevenson,scagg,8,donor_majority_accuracy,0.34134199134199134,0.19634671472474707,5
stevenson,scagg,16,donor_majority_accuracy,0.36861471861471856,0.17718469818536994,5
stevenson,scagg,32,donor_majority_accuracy,0.35952380952380947,0.1815319329872913,5
stevenson,scagg,64,donor_majority_accuracy,0.404978354978355,0.18281460113653628,5
stevenson,scagg,128,donor_majority_accuracy,0.35952380952380947,0.1815319329872913,5
stevenson,scagg,256,donor_majority_accuracy,0.38636363636363635,0.18023298868742907,5
stevenson,scagg,512,donor_majority_accuracy,0.3673160173160174,0.19189382922171197,5
stevenson,scagg,2,donor_majority_balanced_accuracy,0.32666666666666666,0.014907119849998594,5
stevenson,scagg,4,donor_majority_balanced_accuracy,0.3333333333333333,0.0,5
stevenson,scagg,8,donor_majority_balanced_accuracy,0.3333333333333333,0.0,5
stevenson,scagg,16,donor_majority_balanced_accuracy,0.3455555555555555,0.02732971972499741,5
stevenson,scagg,32,donor_majority_balanced_accuracy,0.34222222222222215,0.01987615979999813,5
stevenson,scagg,64,donor_majority_balanced_accuracy,0.35111111111111104,0.03975231959999627,5
stevenson,scagg,128,donor_majority_balanced_accuracy,0.32888888888888884,0.009938079899999057,5
stevenson,scagg,256,donor_majority_balanced_accuracy,0.3277777777777778,0.06916610887771518,5
stevenson,scagg,512,donor_majority_balanced_accuracy,0.31111111111111106,0.049690399499995326,5
stevenson,scrat,2,group_accuracy,0.6222103896103897,0.032927497070718,5
stevenson,scrat,4,group_accuracy,0.6412380952380953,0.0495622655916173,5
stevenson,scrat,8,group_accuracy,0.6708181818181818,0.06715569220937835,5
stevenson,scrat,16,group_accuracy,0.6771593073593074,0.08942745115704488,5
stevenson,scrat,32,group_accuracy,0.676634632034632,0.0727890705545074,5
stevenson,scrat,64,group_accuracy,0.7304580086580086,0.12901891846378358,5
stevenson,scrat,128,group_accuracy,0.641930735930736,0.11841960522225661,5
stevenson,scrat,256,group_accuracy,0.6598095238095238,0.06530544155840584,5
stevenson,scrat,512,group_accuracy,0.678787012987013,0.05223044639976027,5
stevenson,scrat,2,group_balanced_accuracy,0.626105291005291,0.02781355672580742,5
stevenson,scrat,4,group_balanced_accuracy,0.6806391534391535,0.01901543840575922,5
stevenson,scrat,8,group_balanced_accuracy,0.6688021164021164,0.0691444463493731,5
stevenson,scrat,16,group_balanced_accuracy,0.7090756613756614,0.08774267243254937,5
stevenson,scrat,32,group_balanced_accuracy,0.7079830687830688,0.03265179752023338,5
stevenson,scrat,64,group_balanced_accuracy,0.7525693121693122,0.1284581780901417,5
stevenson,scrat,128,group_balanced_accuracy,0.703415343915344,0.10641367416094086,5
stevenson,scrat,256,group_balanced_accuracy,0.6590518518518519,0.04482498048155146,5
stevenson,scrat,512,group_balanced_accuracy,0.6712126984126984,0.032547042528074055,5
stevenson,scrat,2,donor_majority_accuracy,0.6703463203463202,0.07165613756117803,5
stevenson,scrat,4,donor_majority_accuracy,0.6799134199134199,0.11121565142626227,5
stevenson,scrat,8,donor_majority_accuracy,0.6906926406926407,0.0742522048761809,5
stevenson,scrat,16,donor_majority_accuracy,0.7093939393939394,0.12463168879237606,5
stevenson,scrat,32,donor_majority_accuracy,0.6998701298701299,0.09348489609486313,5
stevenson,scrat,64,donor_majority_accuracy,0.7375324675324676,0.12016180691657913,5
stevenson,scrat,128,donor_majority_accuracy,0.6262770562770563,0.12862458271282948,5
stevenson,scrat,256,donor_majority_accuracy,0.6621212121212121,0.05809178640206306,5
stevenson,scrat,512,donor_majority_accuracy,0.6794372294372295,0.0691049308212023,5
stevenson,scrat,2,donor_majority_balanced_accuracy,0.6617460317460317,0.08725765489120497,5
stevenson,scrat,4,donor_majority_balanced_accuracy,0.7180687830687831,0.06838813665980135,5
stevenson,scrat,8,donor_majority_balanced_accuracy,0.6796560846560846,0.07446657632155561,5
stevenson,scrat,16,donor_majority_balanced_accuracy,0.7607407407407407,0.10467182040206705,5
stevenson,scrat,32,donor_majority_balanced_accuracy,0.7277248677248677,0.06906520281284176,5
stevenson,scrat,64,donor_majority_balanced_accuracy,0.7638624338624338,0.12427184968200478,5
stevenson,scrat,128,donor_majority_balanced_accuracy,0.697037037037037,0.12463492641872874,5
stevenson,scrat,256,donor_majority_balanced_accuracy,0.6579100529100528,0.04075924646702334,5
stevenson,scrat,512,donor_majority_balanced_accuracy,0.6741269841269841,0.027757078455485487,5
combined,tissueformer,1,group_accuracy,0.47177110021609847,0.08568313377937334,5
combined,tissueformer,2,group_accuracy,0.6125009513561837,0.03129271544709031,4
combined,tissueformer,4,group_accuracy,0.5072541120723834,0.24603939091451082,4
combined,tissueformer,8,group_accuracy,0.6595224008919595,0.04587257179242259,4
combined,tissueformer,16,group_accuracy,0.6736777934202809,0.005752286263954427,5
combined,tissueformer,32,group_accuracy,0.6806659929274568,0.06957397341997762,5
combined,tissueformer,64,group_accuracy,0.6743194741482034,0.022559960258143635,5
combined,tissueformer,128,group_accuracy,0.716942670281182,0.03648512340123377,5
combined,tissueformer,256,group_accuracy,0.684806708336864,0.0762049845723303,5
combined,tissueformer,512,group_accuracy,0.6908138527889928,0.04645733086801565,5
combined,tissueformer,1,group_balanced_accuracy,0.4288623910221438,0.06928336128086174,5
combined,tissueformer,2,group_balanced_accuracy,0.6328187180739839,0.04151004221247409,4
combined,tissueformer,4,group_balanced_accuracy,0.5834844870657151,0.17037205693611485,4
combined,tissueformer,8,group_balanced_accuracy,0.7052762887404802,0.04153945758917329,4
combined,tissueformer,16,group_balanced_accuracy,0.6939973810218147,0.025693694580502895,5
combined,tissueformer,32,group_balanced_accuracy,0.7210253398194528,0.02694522675783766,5
combined,tissueformer,64,group_balanced_accuracy,0.6882840018737162,0.04831301190897773,5
combined,tissueformer,128,group_balanced_accuracy,0.7395548371014847,0.005847130508703196,5
combined,tissueformer,256,group_balanced_accuracy,0.6911511064539109,0.06344668081030472,5
combined,tissueformer,512,group_balanced_accuracy,0.6915602598196869,0.03668503017561908,5
combined,tissueformer,1,donor_majority_accuracy,0.5025263157894737,0.11003074642348981,5
combined,tissueformer,2,donor_majority_accuracy,0.6578947368421052,0.03372560808966607,4
combined,tissueformer,4,donor_majority_accuracy,0.5608771929824562,0.2640868593722827,4
combined,tissueformer,8,donor_majority_accuracy,0.6879385964912281,0.05704414584110227,4
combined,tissueformer,16,donor_majority_accuracy,0.6967368421052631,0.02481560187956604,5
combined,tissueformer,32,donor_majority_accuracy,0.6862105263157895,0.040202549651248025,5
combined,tissueformer,64,donor_majority_accuracy,0.6915087719298246,0.02345161945173938,5
combined,tissueformer,128,donor_majority_accuracy,0.6862105263157894,0.01928213043251759,5
combined,tissueformer,256,donor_majority_accuracy,0.6810877192982455,0.05828000464321088,5
combined,tissueformer,512,donor_majority_accuracy,0.6730175438596492,0.038849331329934234,5
combined,tissueformer,1,donor_majority_balanced_accuracy,0.44308393070489843,0.10958419299239537,5
combined,tissueformer,2,donor_majority_balanced_accuracy,0.6830000886956532,0.02436452696761462,4
combined,tissueformer,4,donor_majority_balanced_accuracy,0.6276138362831912,0.2004260617594508,4
combined,tissueformer,8,donor_majority_balanced_accuracy,0.7382516359834908,0.03986651458108102,4
combined,tissueformer,16,donor_majority_balanced_accuracy,0.7067034173096465,0.034127470738838664,5
combined,tissueformer,32,donor_majority_balanced_accuracy,0.7255724398605377,0.03800342573053219,5
combined,tissueformer,64,donor_majority_balanced_accuracy,0.7038466755346622,0.05000853667817332,5
combined,tissueformer,128,donor_majority_balanced_accuracy,0.7144887356205488,0.02981263024133193,5
combined,tissueformer,256,donor_majority_balanced_accuracy,0.6912813073922639,0.060645672556898005,5
combined,tissueformer,512,donor_majority_balanced_accuracy,0.680466919050067,0.05170436474786657,5
combined,random_forest_pseudobulk,1,group_accuracy,0.4570234053971934,0.048757712583693144,3
combined,random_forest_pseudobulk,2,group_accuracy,0.4688168939474124,0.04319587271814023,4
combined,random_forest_pseudobulk,4,group_accuracy,0.5157612192834735,0.08882554256668625,4
combined,random_forest_pseudobulk,8,group_accuracy,0.5148620825883716,0.03685163924235104,3
combined,random_forest_pseudobulk,16,group_accuracy,0.5490639355015341,0.0015448412103817304,2
combined,random_forest_pseudobulk,32,group_accuracy,0.6024185992034138,0.011918960794794653,2
combined,random_forest_pseudobulk,64,group_accuracy,0.6376453406313073,0.019378105571308073,3
combined,random_forest_pseudobulk,128,group_accuracy,0.6924041988646875,0.057691510939947316,4
combined,random_forest_pseudobulk,256,group_accuracy,0.6926842254404821,0.062309345092957956,4
combined,random_forest_pseudobulk,512,group_accuracy,0.6826104943608003,0.019264906875352775,3
combined,random_forest_pseudobulk,all,group_accuracy,0.64,0.0,1
combined,random_forest_pseudobulk,1,group_balanced_accuracy,0.35740875151700485,0.024579494145003968,3
combined,random_forest_pseudobulk,2,group_balanced_accuracy,0.36678495908765096,0.028378964891803155,4
combined,random_forest_pseudobulk,4,group_balanced_accuracy,0.39915321453207914,0.059266146310757425,4
combined,random_forest_pseudobulk,8,group_balanced_accuracy,0.40533338137348446,0.03335088003600442,3
combined,random_forest_pseudobulk,16,group_balanced_accuracy,0.4362283284206035,0.007145046489802969,2
combined,random_forest_pseudobulk,32,group_balanced_accuracy,0.5345799895645618,0.002895271295076211,2
combined,random_forest_pseudobulk,64,group_balanced_accuracy,0.5671583709979234,0.013112474627353245,3
combined,random_forest_pseudobulk,128,group_balanced_accuracy,0.6345269190245422,0.04216736933916307,4
combined,random_forest_pseudobulk,256,group_balanced_accuracy,0.629455969256139,0.04712793176310031,4
combined,random_forest_pseudobulk,512,group_balanced_accuracy,0.6405760421130469,0.026701996311510195,3
combined,random_forest_pseudobulk,all,group_balanced_accuracy,0.627576164874552,0.0,1
combined,random_forest_pseudobulk,1,donor_majority_accuracy,0.4778947368421052,0.013822958318310331,3
combined,random_forest_pseudobulk,2,donor_majority_accuracy,0.49179824561403507,0.05760718506051202,4
combined,random_forest_pseudobulk,4,donor_majority_accuracy,0.5551315789473685,0.07428719789166961,4
combined,random_forest_pseudobulk,8,donor_majority_accuracy,0.544327485380117,0.016963500125675726,3
combined,random_forest_pseudobulk,16,donor_majority_accuracy,0.5866666666666667,0.018856180831641232,2
combined,random_forest_pseudobulk,32,donor_majority_accuracy,0.6093859649122807,0.02443860278837723,2
combined,random_forest_pseudobulk,64,donor_majority_accuracy,0.623859649122807,0.009441139682157007,3
combined,random_forest_pseudobulk,128,donor_majority_accuracy,0.6512280701754386,0.0404143919138503,4
combined,random_forest_pseudobulk,256,donor_majority_accuracy,0.6511842105263158,0.029122234546617495,4
combined,random_forest_pseudobulk,512,donor_majority_accuracy,0.6726900584795321,0.03140122177957453,3
combined,random_forest_pseudobulk,1,donor_majority_balanced_accuracy,0.38482962940693755,0.016613211004643802,3
combined,random_forest_pseudobulk,2,donor_majority_balanced_accuracy,0.3946975352617038,0.035368846453664796,4
combined,random_forest_pseudobulk,4,donor_majority_balanced_accuracy,0.4362545335240691,0.048279816130019686,4
combined,random_forest_pseudobulk,8,donor_majority_balanced_accuracy,0.435515873015873,0.015808420634751703,3
combined,random_forest_pseudobulk,16,donor_majority_balanced_accuracy,0.4686491935483871,0.020766509635653345,2
combined,random_forest_pseudobulk,32,donor_majority_balanced_accuracy,0.5651063206506755,0.0004325594625744264,2
combined,random_forest_pseudobulk,64,donor_majority_balanced_accuracy,0.5699174630626244,0.038794816861437736,3
combined,random_forest_pseudobulk,128,donor_majority_balanced_accuracy,0.6030410953971855,0.048783436350667155,4
combined,random_forest_pseudobulk,256,donor_majority_balanced_accuracy,0.6033945320652774,0.024937670350530784,4
combined,random_forest_pseudobulk,512,donor_majority_balanced_accuracy,0.6617842283164863,0.03171790378072892,3
combined,logistic_regression_pseudobulk,1,group_accuracy,0.4370604458931111,0.04498126636341911,3
combined,logistic_regression_pseudobulk,2,group_accuracy,0.4614986726471117,0.04784123590827711,4
combined,logistic_regression_pseudobulk,4,group_accuracy,0.4951363636550251,0.060464932133461165,4
combined,logistic_regression_pseudobulk,8,group_accuracy,0.4945285136611806,0.0581668914587082,3
combined,logistic_regression_pseudobulk,16,group_accuracy,0.5795309936745614,0.027929147537984696,2
combined,logistic_regression_pseudobulk,32,group_accuracy,0.5547152689180954,0.03451791634418591,2
combined,logistic_regression_pseudobulk,64,group_accuracy,0.5694493755550557,0.0752989398961659,3
combined,logistic_regression_pseudobulk,128,group_accuracy,0.6548204396028483,0.07627461171935314,4
combined,logistic_regression_pseudobulk,256,group_accuracy,0.620616812972806,0.10347081321806237,4
combined,logistic_regression_pseudobulk,512,group_accuracy,0.5757010839018183,0.09698906117803077,3
combined,logistic_regression_pseudobulk,all,group_accuracy,0.7066666666666667,0.0,1
combined,logistic_regression_pseudobulk,1,group_balanced_accuracy,0.37726434090166894,0.01465284541487258,3
combined,logistic_regression_pseudobulk,2,group_balanced_accuracy,0.3934061135272522,0.028100610470709064,4
combined,logistic_regression_pseudobulk,4,group_balanced_accuracy,0.4460569372824264,0.04508747514505083,4
combined,logistic_regression_pseudobulk,8,group_balanced_accuracy,0.41709987527962755,0.08659834678996327,3
combined,logistic_regression_pseudobulk,16,group_balanced_accuracy,0.5687401289172006,0.03356108175436616,2
combined,logistic_regression_pseudobulk,32,group_balanced_accuracy,0.5540933471716122,0.016366776826271728,2
combined,logistic_regression_pseudobulk,64,group_balanced_accuracy,0.5186404872804589,0.16346599759975178,3
combined,logistic_regression_pseudobulk,128,group_balanced_accuracy,0.6717206403371221,0.04803303844685324,4
combined,logistic_regression_pseudobulk,256,group_balanced_accuracy,0.5987200270279093,0.17954631487836495,4
combined,logistic_regression_pseudobulk,512,group_balanced_accuracy,0.5574700816934686,0.19747692402793177,3
combined,logistic_regression_pseudobulk,all,group_balanced_accuracy,0.750448028673835,0.0,1
combined,logistic_regression_pseudobulk,1,donor_majority_accuracy,0.5090058479532164,0.05579866782160529,3
combined,logistic_regression_pseudobulk,2,donor_majority_accuracy,0.5185087719298246,0.04906460629046242,4
combined,logistic_regression_pseudobulk,4,donor_majority_accuracy,0.5716666666666667,0.05058912194592092,4
combined,logistic_regression_pseudobulk,8,donor_majority_accuracy,0.5532748538011696,0.0995898534718161,3
combined,logistic_regression_pseudobulk,16,donor_majority_accuracy,0.6933333333333334,0.056568542494923775,2
combined,logistic_regression_pseudobulk,32,donor_majority_accuracy,0.589561403508772,0.033618585561676184,2
combined,logistic_regression_pseudobulk,64,donor_majority_accuracy,0.6062573099415204,0.13389543718477576,3
combined,logistic_regression_pseudobulk,128,donor_majority_accuracy,0.6781140350877193,0.09085363724155747,4
combined,logistic_regression_pseudobulk,256,donor_majority_accuracy,0.6080263157894736,0.097342799958735,4
combined,logistic_regression_pseudobulk,512,donor_majority_accuracy,0.5973684210526315,0.12008653389647274,3
combined,logistic_regression_pseudobulk,1,donor_majority_balanced_accuracy,0.40171681692816286,0.026706159154913915,3
combined,logistic_regression_pseudobulk,2,donor_majority_balanced_accuracy,0.4040640110752736,0.030741688678747076,4
combined,logistic_regression_pseudobulk,4,donor_majority_balanced_accuracy,0.49510564085091335,0.06424959265463935,4
combined,logistic_regression_pseudobulk,8,donor_majority_balanced_accuracy,0.47351748460619425,0.14068363570836487,3
combined,logistic_regression_pseudobulk,16,donor_majority_balanced_accuracy,0.6888570099255582,0.07098239856979306,2
combined,logistic_regression_pseudobulk,32,donor_majority_balanced_accuracy,0.5995356010476979,0.012093387791695031,2
combined,logistic_regression_pseudobulk,64,donor_majority_balanced_accuracy,0.575128090249058,0.22026116861292158,3
combined,logistic_regression_pseudobulk,128,donor_majority_balanced_accuracy,0.7028891349368963,0.08790752322509607,4
combined,logistic_regression_pseudobulk,256,donor_majority_balanced_accuracy,0.6044869137020139,0.1879839330650552,4
combined,logistic_regression_pseudobulk,512,donor_majority_balanced_accuracy,0.5890830346475507,0.22586137437489884,3
combined,random_forest_cell_type_histogram,1,group_accuracy,0.43264348159654964,0.04693921494018487,3
combined,random_forest_cell_type_histogram,2,group_accuracy,0.42086065910711795,0.04685169922954683,4
combined,random_forest_cell_type_histogram,4,group_accuracy,0.46720189826373165,0.024295872377139892,4
combined,random_forest_cell_type_histogram,8,group_accuracy,0.46914139144920464,0.023081029589576862,3
combined,random_forest_cell_type_histogram,16,group_accuracy,0.5213940688444454,0.03802522449191768,2
combined,random_forest_cell_type_histogram,32,group_accuracy,0.523949961306799,0.021793911279418314,2
combined,random_forest_cell_type_histogram,64,group_accuracy,0.560302001190813,0.031899814550959076,3
combined,random_forest_cell_type_histogram,128,group_accuracy,0.5919977040222547,0.06539503283558018,4
combined,random_forest_cell_type_histogram,256,group_accuracy,0.6254509902639956,0.04025910007099588,4
combined,random_forest_cell_type_histogram,512,group_accuracy,0.6160162970444488,0.03780459475271392,3
combined,random_forest_cell_type_histogram,all,group_accuracy,0.6933333333333334,0.0,1
combined,random_forest_cell_type_histogram,1,group_balanced_accuracy,0.3903866138993035,0.02830609145586754,3
combined,random_forest_cell_type_histogram,2,group_balanced_accuracy,0.3761229148815637,0.044115160214444206,4
combined,random_forest_cell_type_histogram,4,group_balanced_accuracy,0.3979764568390887,0.018760085436329524,4
combined,random_forest_cell_type_histogram,8,group_balanced_accuracy,0.3973709411479473,0.015307843300266378,3
combined,random_forest_cell_type_histogram,16,group_balanced_accuracy,0.44455244629807333,0.014407157652732318,2
combined,random_forest_cell_type_histogram,32,group_balanced_accuracy,0.4462880380997911,0.014726316416755482,2
combined,random_forest_cell_type_histogram,64,group_balanced_accuracy,0.49276190023683397,0.05214007311637183,3
combined,random_forest_cell_type_histogram,128,group_balanced_accuracy,0.5139701669536598,0.03557010993551067,4
combined,random_forest_cell_type_histogram,256,group_balanced_accuracy,0.5362744573974474,0.026460606154394353,4
combined,random_forest_cell_type_histogram,512,group_balanced_accuracy,0.5433745892664114,0.017421414018449915,3
combined,random_forest_cell_type_histogram,all,group_balanced_accuracy,0.6351926523297492,0.0,1
combined,random_forest_cell_type_histogram,1,donor_majority_accuracy,0.48654970760233923,0.036929442567234405,3
combined,random_forest_cell_type_histogram,2,donor_majority_accuracy,0.4816228070175439,0.03453404533598516,4
combined,random_forest_cell_type_histogram,4,donor_majority_accuracy,0.4949561403508772,0.03368828404949785,4
combined,random_forest_cell_type_histogram,8,donor_majority_accuracy,0.5043859649122807,0.03418802678930715,3
combined,random_forest_cell_type_histogram,16,donor_majority_accuracy,0.5533333333333333,0.08485281374238567,2
combined,random_forest_cell_type_histogram,32,donor_majority_accuracy,0.5433333333333333,0.061282587702834124,2
combined,random_forest_cell_type_histogram,64,donor_majority_accuracy,0.5709356725146199,0.03812484284749641,3
combined,random_forest_cell_type_histogram,128,donor_majority_accuracy,0.614780701754386,0.05028376948971304,4
combined,random_forest_cell_type_histogram,256,donor_majority_accuracy,0.6312719298245614,0.05546049885653219,4
combined,random_forest_cell_type_histogram,512,donor_majority_accuracy,0.628421052631579,0.02005532514027122,3
combined,random_forest_cell_type_histogram,1,donor_majority_balanced_accuracy,0.4133414228380858,0.06442956975439457,3
combined,random_forest_cell_type_histogram,2,donor_majority_balanced_accuracy,0.4014053338302504,0.04800886120630769,4
combined,random_forest_cell_type_histogram,4,donor_majority_balanced_accuracy,0.40481297816705214,0.02999270487641733,4
combined,random_forest_cell_type_histogram,8,donor_majority_balanced_accuracy,0.40074031404676563,0.026013021532584196,3
combined,random_forest_cell_type_histogram,16,donor_majority_balanced_accuracy,0.4500516956162117,0.08332922965223602,2
combined,random_forest_cell_type_histogram,32,donor_majority_balanced_accuracy,0.4321236559139785,0.04561979233461593,2
combined,random_forest_cell_type_histogram,64,donor_majority_balanced_accuracy,0.4962115866013716,0.06862218875267294,3
combined,random_forest_cell_type_histogram,128,donor_majority_balanced_accuracy,0.5284757426042882,0.03893089947264671,4
combined,random_forest_cell_type_histogram,256,donor_majority_balanced_accuracy,0.5519950491881109,0.06251757881571385,4
combined,random_forest_cell_type_histogram,512,donor_majority_balanced_accuracy,0.5746076653334719,0.015538856704481477,3
combined,logistic_regression_cell_type_histogram,1,group_accuracy,0.4264801384889289,0.03755659445533514,3
combined,logistic_regression_cell_type_histogram,2,group_accuracy,0.45310065629673113,0.07026602815998807,4
combined,logistic_regression_cell_type_histogram,4,group_accuracy,0.4428069452829439,0.04499481057559404,4
combined,logistic_regression_cell_type_histogram,8,group_accuracy,0.43580718414709296,0.022173977205166673,3
combined,logistic_regression_cell_type_histogram,16,group_accuracy,0.4781785847200689,0.04536793491344045,2
combined,logistic_regression_cell_type_histogram,32,group_accuracy,0.491477233437692,0.026995058905163603,2
combined,logistic_regression_cell_type_histogram,64,group_accuracy,0.5393763392021746,0.019571002772774224,3
combined,logistic_regression_cell_type_histogram,128,group_accuracy,0.5775612020611749,0.05223699668735797,4
combined,logistic_regression_cell_type_histogram,256,group_accuracy,0.5893500567952576,0.06085529684371216,4
combined,logistic_regression_cell_type_histogram,512,group_accuracy,0.5794937416724443,0.034510732617743234,3
combined,logistic_regression_cell_type_histogram,all,group_accuracy,0.6266666666666667,0.0,1
combined,logistic_regression_cell_type_histogram,1,group_balanced_accuracy,0.38575860477511353,0.02809334389860308,3
combined,logistic_regression_cell_type_histogram,2,group_balanced_accuracy,0.36617036378041795,0.0473648226465586,4
combined,logistic_regression_cell_type_histogram,4,group_balanced_accuracy,0.4134690224792456,0.012429923232495475,4
combined,logistic_regression_cell_type_histogram,8,group_balanced_accuracy,0.4277602786493724,0.014861166742878854,3
combined,logistic_regression_cell_type_histogram,16,group_balanced_accuracy,0.48408452584693257,0.0395530179282445,2
combined,logistic_regression_cell_type_histogram,32,group_balanced_accuracy,0.5102010163309654,0.04593661892465002,2
combined,logistic_regression_cell_type_histogram,64,group_balanced_accuracy,0.5373410380818808,0.03337478037262365,3
combined,logistic_regression_cell_type_histogram,128,group_balanced_accuracy,0.5704416433053673,0.04603974037330236,4
combined,logistic_regression_cell_type_histogram,256,group_balanced_accuracy,0.5877683822687073,0.062353087481906176,4
combined,logistic_regression_cell_type_histogram,512,group_balanced_accuracy,0.5904331195845584,0.02832885792313038,3
combined,logistic_regression_cell_type_histogram,all,group_balanced_accuracy,0.6191756272401434,0.0,1
combined,logistic_regression_cell_type_histogram,1,donor_majority_accuracy,0.415906432748538,0.004456738920060225,3
combined,logistic_regression_cell_type_histogram,2,donor_majority_accuracy,0.465,0.0611918658356194,4
combined,logistic_regression_cell_type_histogram,4,donor_majority_accuracy,0.4847807017543859,0.06435311158887824,4
combined,logistic_regression_cell_type_histogram,8,donor_majority_accuracy,0.4867251461988304,0.020000256487531527,3
combined,logistic_regression_cell_type_histogram,16,donor_majority_accuracy,0.5333333333333333,0.018856180831641232,2
combined,logistic_regression_cell_type_histogram,32,donor_majority_accuracy,0.5560526315789474,0.05098612053818786,2
combined,logistic_regression_cell_type_histogram,64,donor_majority_accuracy,0.5795321637426901,0.023259567697701142,3
combined,logistic_regression_cell_type_histogram,128,donor_majority_accuracy,0.6146929824561403,0.022434371301579617,4
combined,logistic_regression_cell_type_histogram,256,donor_majority_accuracy,0.6015350877192982,0.047174255507446534,4
combined,logistic_regression_cell_type_histogram,512,donor_majority_accuracy,0.5753801169590643,0.03697234012804653,3
combined,logistic_regression_cell_type_histogram,1,donor_majority_balanced_accuracy,0.3441639915777847,0.002041603372975562,3
combined,logistic_regression_cell_type_histogram,2,donor_majority_balanced_accuracy,0.37532955955334985,0.05428908354992607,4
combined,logistic_regression_cell_type_histogram,4,donor_majority_balanced_accuracy,0.45827384536714355,0.07801619611131747,4
combined,logistic_regression_cell_type_histogram,8,donor_majority_balanced_accuracy,0.47102389844325326,0.04417344479937911,3
combined,logistic_regression_cell_type_histogram,16,donor_majority_balanced_accuracy,0.5238497725392887,0.035471094408466984,2
combined,logistic_regression_cell_type_histogram,32,donor_majority_balanced_accuracy,0.5705171284808382,0.10051828976079447,2
combined,logistic_regression_cell_type_histogram,64,donor_majority_balanced_accuracy,0.578054300836559,0.04259466853546938,3
combined,logistic_regression_cell_type_histogram,128,donor_majority_balanced_accuracy,0.6243714839272403,0.017966341378346795,4
combined,logistic_regression_cell_type_histogram,256,donor_majority_balanced_accuracy,0.5971799690080418,0.04584613073638543,4
combined,logistic_regression_cell_type_histogram,512,donor_majority_balanced_accuracy,0.6016926994749575,0.021044837584129478,3
combined,cellcnn,2,group_accuracy,0.36829231424547726,0.03620222158766418,3
combined,cellcnn,4,group_accuracy,0.40640844380983343,0.026451169166756126,2
combined,cellcnn,8,group_accuracy,0.40922281813749395,0.01066187855214743,2
combined,cellcnn,16,group_accuracy,0.42472645190672953,0.0014354899697137376,2
combined,cellcnn,32,group_accuracy,0.42339282951647195,0.02673292648443382,2
combined,cellcnn,64,group_accuracy,0.4643153757453137,0.023975041772681446,5
combined,cellcnn,128,group_accuracy,0.47670421118633055,0.024231983095006376,5
combined,cellcnn,256,group_accuracy,0.4912813110635074,0.0452124873525978,5
combined,cellcnn,512,group_accuracy,0.548446784991867,0.0859831437257256,4
combined,cellcnn,2,group_balanced_accuracy,0.4211770921352483,0.012902228776115281,3
combined,cellcnn,4,group_balanced_accuracy,0.4413546053420857,0.0029474501549449925,2
combined,cellcnn,8,group_balanced_accuracy,0.4411179610692606,0.002898940196570259,2
combined,cellcnn,16,group_balanced_accuracy,0.41373461411903123,0.014727632247808582,2
combined,cellcnn,32,group_balanced_accuracy,0.3911672925352073,0.041891242016220215,2
combined,cellcnn,64,group_balanced_accuracy,0.42066520575134136,0.029824732059958056,5
combined,cellcnn,128,group_balanced_accuracy,0.4402384116662345,0.03267965056411653,5
combined,cellcnn,256,group_balanced_accuracy,0.4777594693463826,0.04920548558069191,5
combined,cellcnn,512,group_balanced_accuracy,0.560066990693475,0.08787461782477182,4
combined,cellcnn,2,donor_majority_accuracy,0.37333333333333335,0.08110350040397626,3
combined,cellcnn,4,donor_majority_accuracy,0.45333333333333337,0.056568542494923775,2
combined,cellcnn,8,donor_majority_accuracy,0.42666666666666664,0.05656854249492382,2
combined,cellcnn,16,donor_majority_accuracy,0.45999999999999996,0.009428090415820656,2
combined,cellcnn,32,donor_majority_accuracy,0.43333333333333335,0.06599663291074442,2
combined,cellcnn,64,donor_majority_accuracy,0.4707368421052632,0.0256567776035105,5
combined,cellcnn,128,donor_majority_accuracy,0.481298245614035,0.04007602808519399,5
combined,cellcnn,256,donor_majority_accuracy,0.4786315789473684,0.05701138968137019,5
combined,cellcnn,512,donor_majority_accuracy,0.5583771929824561,0.11183219770358307,4
combined,cellcnn,2,donor_majority_balanced_accuracy,0.45616704043428175,0.025579445268715716,3
combined,cellcnn,4,donor_majority_balanced_accuracy,0.5243830119907705,0.004642275718011041,2
combined,cellcnn,8,donor_majority_balanced_accuracy,0.4587977483451622,0.08312328426690307,2
combined,cellcnn,16,donor_majority_balanced_accuracy,0.4460824551341793,0.01833216334422529,2
combined,cellcnn,32,donor_majority_balanced_accuracy,0.3933596726700175,0.08005514502758908,2
combined,cellcnn,64,donor_majority_balanced_accuracy,0.4282601232406572,0.03513873875378286,5
combined,cellcnn,128,donor_majority_balanced_accuracy,0.44874964025269926,0.045863353428976454,5
combined,cellcnn,256,donor_majority_balanced_accuracy,0.4681210356919478,0.046203552991050355,5
combined,cellcnn,512,donor_majority_balanced_accuracy,0.5750748529356706,0.10984677235223059,4
combined,scagg,2,group_accuracy,0.43884370510993215,0.09362535232826219,3
combined,scagg,4,group_accuracy,0.44691897970792416,0.03173475976547141,2
combined,scagg,8,group_accuracy,0.4665266323821906,0.00739898295189684,2
combined,scagg,16,group_accuracy,0.3527465925596758,0.060245987380222354,2
combined,scagg,32,group_accuracy,0.44809019904258,0.07166560186447482,2
combined,scagg,64,group_accuracy,0.46575928804224,0.06971783758636524,5
combined,scagg,128,group_accuracy,0.4563728746626589,0.06472944503806152,5
combined,scagg,256,group_accuracy,0.47398870405032156,0.06227652066042629,5
combined,scagg,512,group_accuracy,0.462887957597973,0.05499274802689756,5
combined,scagg,2,group_balanced_accuracy,0.41880562976169483,0.04913080275885032,3
combined,scagg,4,group_balanced_accuracy,0.4165877697634276,0.04883234303727294,2
combined,scagg,8,group_balanced_accuracy,0.4088734547748113,0.05337520716169867,2
combined,scagg,16,group_balanced_accuracy,0.38287842175092535,0.07572238639479556,2
combined,scagg,32,group_balanced_accuracy,0.39617097416453473,0.0919153420984275,2
combined,scagg,64,group_balanced_accuracy,0.37003005496190533,0.048004845079549066,5
combined,scagg,128,group_balanced_accuracy,0.3878529236778603,0.07579201682164562,5
combined,scagg,256,group_balanced_accuracy,0.4006392023975017,0.07559198275624147,5
combined,scagg,512,group_balanced_accuracy,0.3774873143418274,0.049489969887644834,5
combined,scagg,2,donor_majority_accuracy,0.4977777777777777,0.12098362301169956,3
combined,scagg,4,donor_majority_accuracy,0.45999999999999996,0.009428090415820656,2
combined,scagg,8,donor_majority_accuracy,0.45999999999999996,0.009428090415820656,2
combined,scagg,16,donor_majority_accuracy,0.35333333333333333,0.06599663291074447,2
combined,scagg,32,donor_majority_accuracy,0.44666666666666666,0.06599663291074442,2
combined,scagg,64,donor_majority_accuracy,0.46557894736842104,0.07099178681378468,5
combined,scagg,128,donor_majority_accuracy,0.46557894736842104,0.07699819922506462,5
combined,scagg,256,donor_majority_accuracy,0.4762456140350877,0.06694903267636063,5
combined,scagg,512,donor_majority_accuracy,0.4629122807017544,0.05964081469488818,5
combined,scagg,2,donor_majority_balanced_accuracy,0.4754469987228607,0.06199992119488878,3
combined,scagg,4,donor_majority_balanced_accuracy,0.4305390519830175,0.08541872981726355,2
combined,scagg,8,donor_majority_balanced_accuracy,0.3962704083393739,0.04186601297053204,2
combined,scagg,16,donor_majority_balanced_accuracy,0.3963963963963964,0.08918463906857359,2
combined,scagg,32,donor_majority_balanced_accuracy,0.39560249905077494,0.08806189867526372,2
combined,scagg,64,donor_majority_balanced_accuracy,0.36792074901780125,0.04565916942368626,5
combined,scagg,128,donor_majority_balanced_accuracy,0.39715443075148305,0.08864280421361138,5
combined,scagg,256,donor_majority_balanced_accuracy,0.4059232052863866,0.08417362201272752,5
combined,scagg,512,donor_majority_balanced_accuracy,0.37710618445323674,0.052432155039100065,5
combined,scrat,2,group_accuracy,0.6541333333333333,0.02133166660155744,3
combined,scrat,4,group_accuracy,0.6963999999999999,0.006599663291074423,2
combined,scrat,8,group_accuracy,0.7336,0.027152900397563417,2
combined,scrat,16,group_accuracy,0.7289333333333333,0.029604203905676828,2
combined,scrat,32,group_accuracy,0.6565333333333333,0.048648946545634446,2
combined,scrat,64,group_accuracy,0.7108708771929825,0.04473374742650225,5
combined,scrat,128,group_accuracy,0.6954589473684211,0.09006620732242811,5
combined,scrat,256,group_accuracy,0.7275887719298246,0.043550040303824734,5
combined,scrat,512,group_accuracy,0.7615877192982456,0.03606407957000085,4
combined,scrat,2,group_balanced_accuracy,0.6686753171077884,0.02509297522654603,3
combined,scrat,4,group_balanced_accuracy,0.7344769099338064,0.01041564103757451,2
combined,scrat,8,group_balanced_accuracy,0.7514818014300773,0.011414888436335622,2
combined,scrat,16,group_balanced_accuracy,0.7434938989055369,0.005459362008255759,2
combined,scrat,32,group_balanced_accuracy,0.731673022160091,0.02069352717974305,2
combined,scrat,64,group_balanced_accuracy,0.7518158998475184,0.03585470185407739,5
combined,scrat,128,group_balanced_accuracy,0.7244460925020435,0.05671286318846609,5
combined,scrat,256,group_balanced_accuracy,0.7506122688792878,0.038629309077524224,5
combined,scrat,512,group_balanced_accuracy,0.784579288435309,0.030928197205984397,4
combined,scrat,2,donor_majority_accuracy,0.7111111111111111,0.020367003088692586,3
combined,scrat,4,donor_majority_accuracy,0.74,0.04714045207910316,2
combined,scrat,8,donor_majority_accuracy,0.7533333333333334,0.009428090415820616,2
combined,scrat,16,donor_majority_accuracy,0.76,0.0,2
combined,scrat,32,donor_majority_accuracy,0.6799999999999999,0.075424723326565,2
combined,scrat,64,donor_majority_accuracy,0.7180701754385965,0.056948946589886584,5
combined,scrat,128,donor_majority_accuracy,0.6866315789473684,0.09985372496636442,5
combined,scrat,256,donor_majority_accuracy,0.7340350877192982,0.045242753458819784,5
combined,scrat,512,donor_majority_accuracy,0.7772807017543859,0.030587925996782624,4
combined,scrat,2,donor_majority_balanced_accuracy,0.7322362310149667,0.017316829929637335,3
combined,scrat,4,donor_majority_balanced_accuracy,0.7847310672741707,0.04712794328667772,2
combined,scrat,8,donor_majority_balanced_accuracy,0.7700117806798841,0.014986695024063844,2
combined,scrat,16,donor_majority_balanced_accuracy,0.7771571803899391,0.021577150623543224,2
combined,scrat,32,donor_majority_balanced_accuracy,0.7589255203479341,0.040410416661705535,2
combined,scrat,64,donor_majority_balanced_accuracy,0.7603522981985161,0.047692756641412995,5
combined,scrat,128,donor_majority_balanced_accuracy,0.7172481113332058,0.06448925541647901,5
combined,scrat,256,donor_majority_balanced_accuracy,0.752121839182462,0.0465325762926443,5
combined,scrat,512,donor_majority_balanced_accuracy,0.7974400487175097,0.02686786951074908,4
