brain,condition,visp_pixels,total_pixels,visp_area,visp_fraction
D076_1L,control,80383,562500,195729.291124,0.142903111111
D077_1L,control,52532,562500,127913.254311,0.0933902222222
D078_1L,control,80081,562500,194993.933574,0.142366222222
D079_3L,control,74285,562500,180880.91252,0.132062222222
D077_2L,enucleated,25718,562500,62622.2697476,0.0457208888889
D078_2L,enucleated,26466,562500,64443.6189105,0.0470506666667
D079_4L,enucleated,29163,562500,71010.7027237,0.0518453333333
