label,cell_type,mean_loss_increase,sem,n_groups,mean_n_dropped,error_rate_increase
Prelimbic area,L6b/CT,1.72720906635,0.288100688167,15,9.8,0.266666666667
Prelimbic area,L6 IT,1.61669988659,0.4410687997,11,3.81818181818,0.0
Cortical subplate,Car3,1.60993624902,0.1925925485,181,7.78453038674,0.127071823204
Gustatory areas,L4/5 IT,1.52148613345,0.0915375675877,762,8.17454068241,0.200787401575
Rostrolateral visual area,L2/3 IT,1.37868046289,0.0895547202969,538,10.0074349442,0.174721189591
Lateral visual area,L2/3 IT,1.28189162743,0.121904761706,430,10.9651162791,0.148837209302
"Anterior cingulate area, ventral part",RSP/ACA ML,1.20667744562,0.0782056590728,503,6.99801192843,0.168986083499
"Primary somatosensory area, mouth",L4/5 IT,1.19382523796,0.0411023264873,2541,8.90948445494,0.234946871311
Primary auditory area,L4/5 IT,1.09178634629,0.0675244687986,997,10.7993981946,0.126379137412
"Primary somatosensory area, lower limb",L4/5 IT,0.915510943585,0.069965551415,930,8.60967741935,0.165591397849
Posterior auditory area,L2/3 IT,0.91192255902,0.11817714662,244,8.22540983607,0.0286885245902
posteromedial visual area,COA,0.9036860466,0.480889730332,3,1.0,0.0
posteromedial visual area,L4/5 IT,0.901083451833,0.08119272527,598,7.98327759197,0.0100334448161
"Primary somatosensory area, mouth",L2/3 IT,0.892590487565,0.0346737516256,2344,8.86305460751,0.199658703072
Supplemental somatosensory area,Car3,0.877217015345,0.0225487837001,2987,3.51221961835,0.107800468698
"Agranular insular area, ventral part",L2/3 IT,0.874985836271,0.152138073234,173,10.1329479769,0.150289017341
Dorsal auditory area,L4/5 IT,0.869299360272,0.0919834540175,537,8.01862197393,0.104283054004
Prelimbic area,L2/3 IT,0.867981672287,0.0,1,1.0,0.0
Laterointermediate area,PIR UL,0.845302328467,0.295457322065,8,1.0,0.125
Anterolateral visual area,L2/3 IT,0.805970069409,0.0951134854892,356,9.12359550562,0.109550561798
Postrhinal area,TT,0.799985905488,0.0590033649653,3,1.0,0.333333333333
Rostrolateral visual area,L4/5 IT,0.77758257951,0.0715946726765,608,8.64967105263,0.146381578947
Primary auditory area,L6 CT,0.77693551011,0.0628774629353,591,6.79187817259,0.12013536379
Lateral visual area,COA,0.775670334697,0.518817022443,2,1.0,0.5
Anterolateral visual area,RSP/ACA ML,0.766607677937,0.118842929558,5,1.6,0.0
Anteromedial visual area,L5 IT,0.748156329715,0.0700003119801,482,4.13900414938,0.0767634854772
Visceral area,TR,0.731200695038,0.0,1,1.0,0.0
Cortical subplate,EPd,0.721695363067,0.102078174432,131,3.57251908397,0.0687022900763
Posterolateral visual area,L6b,0.704510847727,0.21366802523,3,1.0,0.0
Visceral area,L4/5 IT,0.704453918154,0.0780058438089,865,11.9468208092,0.0867052023121
"Primary somatosensory area, mouth",Car3,0.679476166705,0.0678155396857,175,2.06285714286,0.00571428571429
Laterointermediate area,L6 CT,0.670932039637,0.14408555993,102,6.46078431373,0.0686274509804
"Primary somatosensory area, unassigned",AON,0.664744031216,0.19172553224,14,1.0,0.0714285714286
Lateral visual area,L6 IT,0.652958824715,0.0721328323067,306,3.91503267974,0.0751633986928
Anterior area,L2/3 IT,0.633910560514,0.0955212305195,681,13.1057268722,0.12187958884
"Anterior cingulate area, dorsal part",RSP/ACA ML,0.628357112167,0.0740141171674,367,4.89373297003,0.136239782016
Primary auditory area,L2/3 IT,0.620988506924,0.0580772894589,888,8.17792792793,0.097972972973
Dorsal auditory area,L2/3 IT,0.586352356816,0.0930718241403,570,11.2754385965,0.0614035087719
Anterolateral visual area,L4/5 IT,0.585899972576,0.0945060289507,427,7.37704918033,0.096018735363
Rostrolateral visual area,L6 IT,0.581443440882,0.0698262892757,420,4.0,0.0047619047619
Cortical subplate,L6 IT,0.581199467338,0.0793092588548,179,4.60335195531,0.0502793296089
Laterointermediate area,Car3,0.577003057476,0.128322860021,94,2.09574468085,0.0531914893617
corpus callosum,NA,0.567875044686,0.154365573605,7,10.0,0.0
Laterointermediate area,L2/3 IT,0.566373643185,0.238915805937,153,11.1241830065,0.0980392156863
Ventral auditory area,Car3,0.565637893976,0.0425831543065,831,4.11432009627,0.104693140794
"Primary somatosensory area, mouth",HIP CA1,0.554829575121,0.189846298867,6,1.0,0.0
"Agranular insular area, ventral part",EPd,0.548403996491,0.102734059279,153,3.32679738562,0.0718954248366
"Primary somatosensory area, unassigned",L6 CT,0.541720786494,0.0575737861953,582,4.89003436426,0.0223367697595
Dorsal auditory area,L6 CT,0.537630285042,0.0625915816312,406,6.00492610837,0.0492610837438
Ectorhinal area,L6b,0.537145631314,0.0638829160179,315,5.10158730159,0.0539682539683
posteromedial visual area,L2/3 IT,0.536664051639,0.0746959081902,482,10.1867219917,-0.00207468879668
Perirhinal area,ENT UL,0.521308005123,0.12088872732,69,3.73913043478,0.0869565217391
"Primary somatosensory area, nose",HIP CA1,0.520247353448,0.111789785632,9,1.0,0.0
"Primary somatosensory area, barrel field",L4/5 IT,0.508175974202,0.0308932909084,3178,11.3045940843,0.124292007552
Primary auditory area,DGpo,0.500338395437,0.0656903786355,3,1.0,0.0
Primary visual area,L2/3 IT,0.497241576112,0.0268553609871,2657,9.89424162589,0.107263831389
Ventral auditory area,L4/5 IT,0.485228363768,0.0700740406256,779,9.11810012837,0.0911424903723
Temporal association areas,Car3,0.485090518662,0.0454010965944,845,4.56804733728,0.0923076923077
"Primary somatosensory area, lower limb",L5 ET,0.475225139276,0.0513321492813,765,3.08496732026,0.0797385620915
Perirhinal area,ENT L6b,0.474001805387,0.0668041223213,54,4.48148148148,0.0925925925926
"Agranular insular area, ventral part",HIP CA3,0.45486164093,0.583315372467,2,1.0,0.0
"Primary somatosensory area, barrel field",L2/3 IT,0.444725331766,0.0293021655196,2937,9.97582567245,0.111338100102
"Primary somatosensory area, upper limb",L6 CT,0.444350199109,0.0301640534019,1548,4.85465116279,0.0749354005168
"Primary somatosensory area, trunk",L4/5 IT,0.441588511772,0.0635369529389,635,8.26141732283,0.0677165354331
Anteromedial visual area,L4/5 IT,0.435890284084,0.070229623266,475,5.38315789474,0.0547368421053
posteromedial visual area,RSP/ACA ML,0.426774195262,0.0500407089379,7,1.0,0.0
Lateral visual area,L5 IT,0.426005910058,0.074329187501,307,3.7003257329,0.0
Laterointermediate area,L6b,0.425458060258,0.193339602451,35,3.2,0.0285714285714
"Agranular insular area, dorsal part",Car3,0.420493875381,0.0624151457499,425,6.82588235294,0.0917647058824
Posterolateral visual area,L5 ET,0.415060049122,0.0989472975308,107,3.82242990654,0.0841121495327
Lateral visual area,TR,0.405273040136,0.197832212417,3,1.0,0.0
Anteromedial visual area,L5 ET,0.397623711508,0.0567699955531,429,2.84149184149,0.04662004662
Endopiriform nucleus,Car3,0.394740422567,0.368206970076,3,7.0,0.0
Posterolateral visual area,L6 CT,0.393035841673,0.187086272914,42,3.78571428571,0.0
Gustatory areas,Car3,0.392499309959,0.0576237215102,559,3.771019678,0.0679785330948
Gustatory areas,L2/3 IT,0.390614621341,0.0628691970072,571,6.96322241681,0.0560420315236
"Agranular insular area, ventral part",RSP/ACA ML,0.388692736626,0.127347341668,6,3.0,0.0
Rostrolateral visual area,L5 IT,0.385545133697,0.0466662178464,484,2.48760330579,0.0764462809917
Anterolateral visual area,L6 CT,0.377735606458,0.062622310199,301,4.52491694352,0.0498338870432
"Retrosplenial area, lateral agranular part",L5 ET,0.37198119129,0.0396046072526,969,4.30650154799,0.0278637770898
"Retrosplenial area, lateral agranular part",RSP/ACA UL,0.370673573048,0.0467975172406,530,7.44339622642,0.0962264150943
Posterolateral visual area,L6 IT,0.369470672594,0.087847913795,118,2.65254237288,0.0593220338983
Anteromedial visual area,L2/3 IT,0.368072128651,0.115706202622,453,10.6953642384,0.0529801324503
"Primary somatosensory area, upper limb",L4/5 IT,0.36774625233,0.0445495147671,1308,9.29051987768,0.0695718654434
Primary motor area,L2/3 IT,0.36534140881,0.0211531700815,2087,8.68519405846,0.0948730234787
"Primary somatosensory area, trunk",L2/3 IT,0.364175489656,0.0610629811172,710,11.6690140845,0.0492957746479
Rostrolateral visual area,L6 CT,0.362804495522,0.0583933395298,400,5.8775,0.04
Laterointermediate area,L6 IT,0.362019811677,0.144838503721,113,4.91150442478,0.0530973451327
Laterointermediate area,L4/5 IT,0.356678155854,0.237215040689,152,9.29605263158,0.0723684210526
Anterolateral visual area,L5 IT,0.349439448565,0.0653061211238,389,3.31105398458,0.0745501285347
"Agranular insular area, ventral part",PPP,0.346410691738,0.237152397633,2,1.0,0.0
Ectorhinal area,ENT DL,0.343296185564,0.0471010330135,509,4.94106090373,0.0235756385069
Gustatory areas,ENT L6b,0.34271043539,0.0590176774298,9,1.0,0.111111111111
Anterior area,L6 IT,0.342668423393,0.0607363143756,520,4.43653846154,0.05
Posterolateral visual area,PPP,0.331648341203,0.0621557554919,116,5.48275862069,0.103448275862
Visceral area,HIP SUB,0.330249796311,0.115031783593,6,1.83333333333,0.5
Posterior auditory area,L6 CT,0.327482353319,0.0658299115233,213,4.53521126761,-0.0140845070423
Primary auditory area,EPd,0.324581136604,0.0693163731146,78,1.39743589744,0.115384615385
Ectorhinal area,L2/3 IT,0.319723708157,0.0845298667556,446,10.4282511211,0.0582959641256
Secondary motor area,L5 IT,0.315658796605,0.0219792419797,1375,4.68363636364,0.0887272727273
Posterolateral visual area,RSP/ACA ML,0.315267836105,0.107401047484,14,1.0,0.0714285714286
"Anterior cingulate area, dorsal part",L6 CT,0.313274977705,0.0475548099416,750,6.90266666667,0.06
"Primary somatosensory area, nose",Car3,0.310795314753,0.0846022966193,88,1.26136363636,0.113636363636
"Primary somatosensory area, lower limb",L6 IT,0.309432912598,0.0292942470583,1283,3.65471551052,0.0459859703819
Secondary motor area,L2/3 IT,0.309310936117,0.0283243752969,1273,8.08562450903,0.0628436763551
posteromedial visual area,L5 ET,0.306670323311,0.0549942775292,458,2.77947598253,-0.00436681222707
"Primary somatosensory area, upper limb",L2/3 IT,0.306561097607,0.0462236117933,1425,9.57122807018,0.0673684210526
"Primary somatosensory area, lower limb",TT,0.302102328837,0.228794843531,5,1.0,0.2
Primary motor area,L5 IT,0.297787378852,0.0192027993694,2324,4.40576592083,0.0697074010327
Anterior area,L5 IT,0.29772098708,0.0468695343147,613,4.40946166395,0.0570962479608
Posterolateral visual area,L5 IT,0.296291376833,0.0683584680554,107,1.90654205607,0.018691588785
Laterointermediate area,L5 ET,0.293977666694,0.141660328412,88,3.46590909091,0.0795454545455
"Primary somatosensory area, nose",BLA/BMA/PA,0.293896198273,0.0294489860535,2,1.0,0.0
"Primary somatosensory area, barrel field",ENT DL,0.293390201905,0.0932735134874,10,1.0,0.0
"Agranular insular area, ventral part",L5 ET,0.292545066365,0.0455692547413,148,4.10810810811,0.0878378378378
"Primary somatosensory area, upper limb",L5 ET,0.288161200281,0.0496467182905,867,2.86274509804,0.0622837370242
"Agranular insular area, posterior part",EPd,0.28543477126,0.0311360139561,585,3.34700854701,0.0632478632479
Primary visual area,L6 CT,0.2840473672,0.021181226338,2029,6.91276490882,0.0527353376047
"Retrosplenial area, ventral part",TR,0.280890882015,0.183224384038,4,1.0,0.0
Supplemental somatosensory area,ENT L6b,0.279742439394,0.188431748919,8,1.0,0.0
"Retrosplenial area, dorsal part",RSP/ACA UL,0.279618316261,0.0249533534348,1437,9.81558803062,0.0828114126653
Lateral visual area,L6 CT,0.279265749755,0.0862674876477,268,6.32462686567,0.044776119403
"Agranular insular area, posterior part",ENT DL,0.277793072025,0.0533084156268,357,3.57703081232,0.0336134453782
cerebrum related,HIP SUB,0.276423772176,0.113394197698,3,1.33333333333,0.0
Lateral visual area,EPd,0.276099410736,0.113140378735,18,1.05555555556,0.0555555555556
Posterolateral visual area,LA,0.274824475418,0.0978393194388,24,1.0,0.0416666666667
"Primary somatosensory area, trunk",ENT ML,0.274021864252,0.120307908528,30,1.2,0.0
posteromedial visual area,NP,0.271787931393,0.0309587429238,266,1.64661654135,0.00751879699248
Anterior area,L6 CT,0.270041433039,0.0889850463782,428,8.84345794393,0.0233644859813
Primary auditory area,PPP,0.269035088364,0.109270467861,4,1.0,0.25
Anterolateral visual area,L6 IT,0.268995220222,0.0624043080496,322,3.7049689441,0.00621118012422
Perirhinal area,L2/3 IT,0.267235721138,0.121650696616,200,11.805,-0.04
Rostrolateral visual area,EPd,0.266573473811,0.123510965137,4,1.0,0.0
Posterolateral visual area,L4/5 IT,0.264421359879,0.252199075187,70,5.58571428571,0.0285714285714
Dorsal auditory area,Low quality,0.26230283217,0.0916679429124,11,1.45454545455,0.0
"Agranular insular area, ventral part",Car3,0.262142709555,0.0689828404301,202,4.62871287129,0.0594059405941
Dorsal auditory area,Car3,0.257686605531,0.0651139449555,350,2.84857142857,0.0542857142857
Dorsal auditory area,NA,0.255174282702,0.0285388048059,712,5.49859550562,0.0323033707865
"Agranular insular area, ventral part",Low quality,0.255016117267,0.0751424604877,52,1.51923076923,0.0192307692308
posteromedial visual area,RSP/ACA UL,0.254311343921,0.0524390838291,14,1.0,0.0714285714286
Posterior auditory area,L6b,0.252619972708,0.0543887602735,102,1.97058823529,0.0196078431373
"Primary somatosensory area, upper limb",L6b,0.250426261296,0.0292059262127,648,2.69290123457,0.0262345679012
Secondary motor area,L6 CT,0.250115243015,0.0178338966447,1851,5.92706645057,0.042679632631
Endopiriform nucleus,EPd,0.247369766235,0.379670301218,4,10.25,0.0
Laterointermediate area,NP PPP/RSP,0.24672917525,0.0511883315453,6,1.0,0.0
Dorsal auditory area,L6b,0.245279872515,0.039496398753,203,2.79310344828,0.00492610837438
Primary motor area,L6 CT,0.244676959642,0.016221048392,2786,5.62096195262,0.0603015075377
Visceral area,NP PPP/RSP,0.242842037555,0.0767124882496,23,1.0,0.0
"Primary somatosensory area, nose",L6 IT,0.242539068491,0.0321521360586,1266,3.19273301738,0.0260663507109
"Agranular insular area, dorsal part",L4/5 IT,0.239394428389,0.0447731929792,280,4.59642857143,0.0714285714286
Rostrolateral visual area,L5 ET,0.239101348648,0.0559121779168,408,2.3112745098,0.0269607843137
cerebrum related,NA,0.23867225647,0.153090650319,8,8.375,0.0
Gustatory areas,PIR UL,0.236469600598,0.154853915546,15,1.0,-0.0666666666667
Primary visual area,L4/5 IT,0.235821187708,0.018528723564,2931,9.0460593654,0.0774479699761
Ventral auditory area,L6b,0.234913556178,0.0371126268395,341,2.60117302053,0.0557184750733
Supplemental somatosensory area,NA,0.234226643424,0.00941294536359,5145,6.32575315841,0.020019436346
"Retrosplenial area, lateral agranular part",BLAa,0.233588776128,0.152934249173,11,1.0,0.0
Posterior auditory area,ENT DL,0.233153701391,0.0900404515718,53,1.67924528302,0.0
Gustatory areas,DGpo,0.232083320618,0.0446720123291,2,1.0,0.0
posteromedial visual area,NP PPP/RSP,0.231177133672,0.0504663724523,17,1.0,0.0
Temporal association areas,ENT L6b,0.231071574034,0.0517694187977,121,1.92561983471,0.0826446280992
"Primary somatosensory area, trunk",PIR UL,0.230873587264,0.0742094696877,42,1.21428571429,0.0952380952381
"Primary somatosensory area, trunk",L5 ET,0.229571050668,0.0735750382474,364,4.23626373626,0.0549450549451
Rostrolateral visual area,NA,0.228834441089,0.0317015291155,678,5.54277286136,0.0265486725664
Anterolateral visual area,L5 ET,0.228094522748,0.0671624119934,307,2.25732899023,0.0228013029316
Anterior area,L6b,0.227951705784,0.0491631712952,211,2.18957345972,0.00947867298578
Primary visual area,HIP SUB,0.227717372504,0.0846846636895,11,1.27272727273,0.0
"Primary somatosensory area, lower limb",COA,0.227376818657,0.247278809547,2,1.0,0.0
Lateral visual area,L6b/CT,0.22707098412,0.0901908348258,42,1.33333333333,-0.0238095238095
Supplemental somatosensory area,TR,0.224432612397,0.079487536102,10,1.0,0.0
Temporal association areas,Unclear,0.223779942242,0.105145416115,21,1.0,0.047619047619
Visceral area,L6b/CT,0.223666925811,0.0409575148437,299,3.13043478261,0.0401337792642
Anteromedial visual area,ENT DL,0.222697520245,0.109844820407,34,1.14705882353,0.0
Posterior auditory area,L5 IT,0.222396108173,0.0605173147231,262,2.13740458015,-0.0114503816794
Primary motor area,L6 IT,0.221876774988,0.0134283038605,2815,4.18472468917,0.0586145648313
Gustatory areas,L6 IT,0.217955862708,0.0406726208033,760,4.10921052632,0.0328947368421
Anterolateral visual area,ENT DL,0.217853170878,0.115511021947,16,1.0,0.0
Endopiriform nucleus,BLA/BMA/PA,0.216876665751,0.117547178444,3,1.0,0.0
Ventral auditory area,Low quality,0.216785700759,0.0639326818504,50,1.78,0.04
Ventral auditory area,HIP CA3,0.214683373769,0.0210785774047,3,1.0,0.0
"Agranular insular area, dorsal part",L5 ET,0.214419604162,0.0346083829207,323,2.93188854489,0.0743034055728
Dorsal auditory area,NP PPP/RSP,0.212067639828,0.0927207565283,5,1.8,0.0
Postrhinal area,LA,0.209342058399,0.179617356954,16,1.1875,0.0
"Agranular insular area, ventral part",NA,0.208904545567,0.0454256412246,261,5.46360153257,0.0574712643678
"Anterior cingulate area, dorsal part",L2/3 IT,0.208062457074,0.0379974196514,579,7.39896373057,0.0449050086356
Anterior area,L4/5 IT,0.207165296083,0.0576862929173,770,7.63636363636,0.038961038961
Dorsal auditory area,L5 ET,0.206106362557,0.0537921888154,301,3.03986710963,0.0498338870432
Primary motor area,Car3,0.205852079136,0.0739877779992,128,4.671875,0.03125
Ventral auditory area,L6b/CT,0.205608602951,0.0235405528257,339,2.03539823009,0.0442477876106
Visceral area,L6b,0.203388421048,0.0406047336313,528,5.39962121212,-0.00189393939394
"Primary somatosensory area, lower limb",L6 CT,0.202572894584,0.0296654064943,1227,5.19804400978,0.0529747351263
Gustatory areas,Low quality,0.198800521511,0.0394938653851,249,2.52610441767,0.0361445783133
"Anterior cingulate area, ventral part",NP PPP/RSP,0.198547723813,0.0625013344566,72,1.27777777778,-0.0138888888889
"Primary somatosensory area, lower limb",L5 IT,0.197797285019,0.0339792157958,1053,3.40550807217,0.02849002849
"Anterior cingulate area, dorsal part",L5 ET,0.197294860724,0.0328671206256,513,3.91617933723,0.0623781676413
"Retrosplenial area, lateral agranular part",ENT L6b,0.19713346128,0.132586123203,21,1.04761904762,0.047619047619
"Retrosplenial area, ventral part",NP PPP/RSP,0.197128799332,0.0174311188266,838,3.26014319809,0.0465393794749
Visceral area,L5 IT,0.195574914153,0.0321340996149,335,2.11940298507,0.0208955223881
"Primary somatosensory area, upper limb",AON,0.194484236269,0.0680692586232,22,1.18181818182,0.0454545454545
Postrhinal area,ENT ML,0.19444981019,0.0682627864591,186,5.82258064516,0.0645161290323
Postrhinal area,L6b/CT,0.190405247369,0.0446456245658,135,2.34814814815,0.0518518518519
Anterior area,COA,0.189321935177,0.183840077757,3,1.0,0.0
Gustatory areas,AON,0.187865535418,0.136946275069,12,1.0,0.166666666667
"Agranular insular area, ventral part",L6b/CT,0.18778452505,0.0498079537977,158,3.72151898734,-0.00632911392405
"Anterior cingulate area, dorsal part",Unclear,0.186691602071,0.00635474666554,3,1.0,0.0
Posterolateral visual area,EPd,0.185704767256,0.127987797238,26,1.07692307692,0.0
Rostrolateral visual area,L6b/CT,0.184031311423,0.0634276214475,16,1.125,0.0
"Agranular insular area, dorsal part",ENT DL,0.181585121938,0.0345250525213,289,3.48788927336,0.0622837370242
Posterior auditory area,PG,0.181513494915,0.0434966387112,9,1.0,0.0
"Agranular insular area, posterior part",NP PPP/RSP,0.180426537991,0.113351434721,6,1.0,0.0
"Agranular insular area, posterior part",L6 IT,0.17884188226,0.0350840843237,688,3.32703488372,0.0174418604651
"Anterior cingulate area, dorsal part",ENT L6b,0.175959343712,0.036530586162,6,1.0,0.166666666667
Cortical subplate,TR,0.175192594528,0.139337990659,5,1.0,0.0
Endopiriform nucleus,L6b,0.174586296082,0.0,1,1.0,0.0
Anteromedial visual area,NP,0.174147212479,0.0374992993082,225,1.68444444444,0.0
"Agranular insular area, posterior part",RSP/ACA ML,0.173162799794,0.0619931611046,8,1.0,0.125
Laterointermediate area,PG,0.172200361888,0.0197835293981,6,1.0,0.0
Primary motor area,L4/5 IT,0.172043114268,0.0147524284502,1625,5.59138461538,0.0467692307692
Visceral area,PIR UL,0.170754583311,0.0512475361652,45,1.0,0.0222222222222
Anteromedial visual area,NA,0.168170016088,0.0459661276052,580,5.53965517241,0.0241379310345
"Anterior cingulate area, ventral part",Low quality,0.166730308274,0.0413122331641,173,2.71098265896,0.0173410404624
"Primary somatosensory area, upper limb",EPd,0.166668361984,0.105988311937,3,1.0,0.0
Primary auditory area,BLA/BMA/PA,0.163658744842,0.0594875594483,5,1.0,0.0
Posterior auditory area,NP,0.16297609883,0.0265872755974,155,1.4064516129,0.0
Primary auditory area,Unclear,0.162461814105,0.0705334090552,18,1.11111111111,0.0
Anteromedial visual area,RSP/ACA ML,0.162254971762,0.0883616674258,9,1.0,0.0
Perirhinal area,ENT ML,0.161464844949,0.0758341757522,130,6.03846153846,-0.0461538461538
Prelimbic area,L5 ET,0.161456689239,0.655134716064,5,1.8,0.0
Supplemental somatosensory area,BLA/BMA/PA,0.161409820829,0.038665060467,7,1.0,0.0
"Primary somatosensory area, nose",AON,0.161365029706,0.13528815859,23,1.0,0.0434782608696
Temporal association areas,L5 ET,0.160929603484,0.0296177409856,684,3.15204678363,0.0394736842105
"Primary somatosensory area, lower limb",PG,0.160344783874,0.0691532822431,17,1.05882352941,0.0588235294118
Lateral visual area,ENT ML,0.16030498147,0.0802364562542,35,1.14285714286,0.0285714285714
Anterolateral visual area,NA,0.160250385808,0.0416931639122,455,6.02197802198,0.0175824175824
Cortical subplate,ENT ML,0.15936581956,0.0472308120494,9,1.0,0.0
posteromedial visual area,NA,0.157420152297,0.0335920838274,676,5.61834319527,0.0
"Primary somatosensory area, barrel field",L6 CT,0.155512253826,0.0173872214235,3070,4.97296416938,0.0224755700326
Dorsal auditory area,DGpo,0.154868125916,0.0807553813465,3,1.0,0.0
Primary auditory area,L5 ET,0.151659595715,0.0408814668755,631,2.17749603803,0.0158478605388
Dorsal auditory area,L5 IT,0.151519624354,0.047665214884,343,2.85131195335,0.00583090379009
"Agranular insular area, dorsal part",L6 CT,0.151438906583,0.0255527336694,319,4.26959247649,0.0501567398119
Anterolateral visual area,PG,0.148915633839,0.0652046372309,10,1.2,0.0
Ventral auditory area,TR,0.14842026215,0.0663554116915,20,1.0,0.0
Cortical subplate,PIR UL,0.14768242836,0.101179526467,4,1.0,0.0
"Retrosplenial area, dorsal part",ENT L6b,0.146084319463,0.0561582320914,29,1.1724137931,0.0344827586207
Gustatory areas,NA,0.143419933286,0.029085977339,869,6.0667433832,0.0115074798619
Anterior area,AON,0.143380761147,0.0671484289398,10,1.0,0.1
Temporal association areas,ENT DL,0.143137121616,0.0321599202684,659,3.23975720789,0.0242792109256
"Primary somatosensory area, nose",L5 IT,0.142388433834,0.0463681647962,673,2.8543833581,0.0178306092125
Visceral area,EPd,0.141149672917,0.062418707323,116,2.03448275862,-0.00862068965517
"Primary somatosensory area, barrel field",Car3,0.140941369868,0.0220290270392,714,1.78711484594,0.0364145658263
"Anterior cingulate area, ventral part",L5 ET,0.140814360917,0.0342005807699,687,4.2154294032,0.0131004366812
Gustatory areas,COA,0.139981823615,0.043978144517,13,1.0,0.0
Visceral area,Car3,0.138578288572,0.0443196642353,690,4.36666666667,0.0159420289855
Dorsal auditory area,PG,0.137904500961,0.0246993955357,5,1.0,0.0
Anterior area,Low quality,0.137200145051,0.0547076913691,45,1.28888888889,0.0222222222222
"Retrosplenial area, dorsal part",LA,0.136874675751,0.0764927864075,2,1.0,0.0
"Agranular insular area, ventral part",HIP CA1,0.136568546295,0.0,1,1.0,0.0
"Retrosplenial area, ventral part",ENT L6b,0.135855331838,0.0267018237277,50,1.0,0.0
"Primary somatosensory area, mouth",EPd,0.135440444946,0.0557485524692,5,1.0,0.0
"Retrosplenial area, dorsal part",COA,0.135008782148,0.107557389206,14,1.5,0.0
Primary auditory area,L6b/CT,0.133883089433,0.0400500489883,207,1.74396135266,0.0048309178744
posteromedial visual area,PPP,0.133311203548,0.0517449777915,7,1.0,0.0
"Primary somatosensory area, mouth",RSP/ACA UL,0.131764078069,0.0197875084886,21,1.14285714286,0.0952380952381
"Primary somatosensory area, nose",Unclear,0.130258495991,0.0707395982085,13,1.0,0.0
"Retrosplenial area, dorsal part",L5 ET,0.129852585447,0.0186850778333,1683,3.73143196673,0.020202020202
"Primary somatosensory area, unassigned",Low quality,0.12945171992,0.130996052786,15,1.0,0.0
"Anterior cingulate area, dorsal part",EPd,0.128952005539,0.119326921357,11,1.0,0.0
Posterolateral visual area,L6b/CT,0.128664891635,0.182557896124,28,1.39285714286,-0.0357142857143
Postrhinal area,TR,0.12774592941,0.0380284699177,35,1.22857142857,0.0
"Primary somatosensory area, trunk",L6 IT,0.127388620445,0.0281163913086,710,3.05070422535,0.0211267605634
Primary visual area,L5 ET,0.125094288316,0.0158054163878,1726,3.24275782155,0.0382387022016
Perirhinal area,TT,0.123350160559,0.0296157398,15,1.0,0.0
Visceral area,L6 IT,0.121951563893,0.0370584005135,725,3.74896551724,0.0248275862069
"Anterior cingulate area, dorsal part",HIP CA1,0.121495351195,0.0343425142312,4,1.0,0.25
"Primary somatosensory area, barrel field",PIR UL,0.120916672235,0.0212267806611,108,1.03703703704,0.0648148148148
Secondary motor area,L5 ET,0.119893279333,0.0181912161249,1313,2.9436405179,0.036557501904
"Retrosplenial area, lateral agranular part",RSP/ACA ML,0.119432280339,0.0286345574843,518,3.16602316602,-0.00965250965251
"Primary somatosensory area, upper limb",Car3,0.118376529589,0.0555671427298,10,1.0,0.0
"Primary somatosensory area, barrel field",NP PPP/RSP,0.117930324494,0.0954288921362,11,1.0,0.0
"Primary somatosensory area, barrel field",EPd,0.117323700066,0.0412357998427,29,1.0,0.0344827586207
Postrhinal area,L6b,0.116491932122,0.0376503008855,225,2.81333333333,0.0311111111111
cerebrum related,RSP/ACA ML,0.115182220936,0.263213193086,8,5.0,0.0
"Anterior cingulate area, ventral part",L6b/CT,0.11332636491,0.024952067558,210,3.40476190476,-0.0047619047619
Postrhinal area,EPd,0.112934123528,0.0780505409243,45,1.37777777778,-0.0222222222222
Temporal association areas,L2/3 IT,0.112532044621,0.0717867289397,868,10.5460829493,0.0184331797235
Postrhinal area,ENT L6b,0.111707858545,0.0464215349599,141,4.7304964539,-0.00709219858156
"Retrosplenial area, ventral part",Unclear,0.110665941552,0.0422445584806,56,1.71428571429,0.0892857142857
posteromedial visual area,L5 IT,0.109818116925,0.0533625186661,502,2.7609561753,0.00996015936255
"Primary somatosensory area, upper limb",L6 IT,0.109580041723,0.022934015562,1581,3.30929791271,0.034155597723
Secondary motor area,L6 IT,0.109240121852,0.0140666859265,1712,3.58586448598,0.0227803738318
Rostrolateral visual area,PIR UL,0.108056987691,0.0485684098918,34,1.05882352941,0.0294117647059
Secondary motor area,RSP/ACA ML,0.107629003299,0.0442373808314,355,3.2338028169,0.0197183098592
Primary visual area,AON,0.107403337672,0.0399700944688,52,1.0,0.0384615384615
Visceral area,RSP/ACA ML,0.105978583731,0.034718341104,10,1.0,0.0
"Primary somatosensory area, trunk",RSP/ACA UL,0.105813491959,0.0564658304743,24,1.0,0.0
Primary auditory area,HIP CA3,0.104687273291,0.0592681235286,12,1.58333333333,0.166666666667
Posterolateral visual area,AON,0.104475542903,0.0318760113909,4,1.0,0.0
Anterior area,NA,0.104415431718,0.0230319041119,997,5.51654964895,0.00100300902708
Anterior area,HIP CA1,0.102516929309,0.164922571384,3,1.0,0.0
Ectorhinal area,L5 ET,0.102401666573,0.0416047159928,285,2.96140350877,0.0105263157895
"Agranular insular area, dorsal part",L6b/CT,0.10202696569,0.0160153737755,332,2.75602409639,0.0481927710843
"Primary somatosensory area, nose",L6 CT,0.10185033653,0.0344531543667,1384,5.125,-0.00505780346821
Ventral auditory area,ENT ML,0.101822563606,0.0429076287628,63,1.04761904762,0.047619047619
Postrhinal area,RSP/ACA ML,0.0986688996588,0.0869486954117,12,1.58333333333,0.0
Perirhinal area,NP,0.0972010493279,0.0139989553307,8,1.0,0.0
Gustatory areas,NP,0.0963429628877,0.0241656016,238,1.51680672269,0.0252100840336
Visceral area,Unclear,0.0949375356237,0.0265574297551,12,1.0,0.0
"Primary somatosensory area, lower limb",NP,0.0947700564022,0.0139673211559,684,1.4649122807,0.0233918128655
"Retrosplenial area, lateral agranular part",NP,0.0945324408602,0.0138315257415,816,2.12132352941,0.00245098039216
"Anterior cingulate area, ventral part",HIP CA1,0.0938319677503,0.0382528450218,22,1.0,0.0454545454545
"Primary somatosensory area, mouth",COA,0.0923899465374,0.0321635902774,7,1.0,0.0
Supplemental somatosensory area,L6b,0.0922279164894,0.0111301240986,1755,2.52535612536,0.0148148148148
Anterior area,PIR UL,0.0919896884556,0.0678956709354,54,1.0,0.037037037037
Posterolateral visual area,RSP/ACA UL,0.0911694030397,0.0536875186571,36,1.41666666667,0.0555555555556
Rostrolateral visual area,Unclear,0.0896691661587,0.0562163569817,18,1.11111111111,0.0
Supplemental somatosensory area,NP PPP/RSP,0.0889894791047,0.0471135965067,35,1.0,0.0
"Primary somatosensory area, trunk",Unclear,0.0889231978929,0.0791579272143,18,1.0,0.0
"Primary somatosensory area, unassigned",L2/3 IT,0.088590929409,0.0982135381414,487,10.0410677618,-0.0164271047228
"Primary somatosensory area, lower limb",Unclear,0.0885457430035,0.0362500029916,15,1.0,0.0
Rostrolateral visual area,NP,0.0856872099377,0.0295927229032,267,1.50187265918,-0.00374531835206
"Retrosplenial area, lateral agranular part",HIP CA3,0.0855491702203,0.12771751641,27,1.0,0.0
Rostrolateral visual area,PG,0.0844965071694,0.0570130227153,37,1.0,-0.0540540540541
"Retrosplenial area, dorsal part",HIP CA3,0.084442615509,0.0366626140755,12,1.0,0.0
Primary visual area,NP,0.082007546555,0.00868990682744,1102,1.59800362976,0.016333938294
"Anterior cingulate area, dorsal part",NP PPP/RSP,0.0818604030579,0.0308332270677,69,1.30434782609,0.0289855072464
"Agranular insular area, posterior part",RSP/ACA UL,0.0814089576403,0.0444712743536,3,1.0,0.0
"Primary somatosensory area, mouth",AON,0.0809970625183,0.0427344076019,17,1.05882352941,0.0588235294118
cerebrum related,Low quality,0.0804314613342,0.0,1,2.0,0.0
"Anterior cingulate area, dorsal part",L6b,0.0801132386281,0.0172083277707,432,2.40972222222,0.00925925925926
"Retrosplenial area, lateral agranular part",ENT DL,0.0798994270153,0.0406263295705,179,1.49162011173,-0.0279329608939
Primary motor area,Low quality,0.0787114125758,0.0160188513096,282,2.66312056738,0.0106382978723
Ectorhinal area,NA,0.0786856309464,0.0260724144351,698,6.7005730659,0.00143266475645
Temporal association areas,HIP SUB,0.0786154929008,0.0350458100014,31,1.0,0.0
Anterolateral visual area,L6b,0.0781876224662,0.0468514038941,117,1.59829059829,0.00854700854701
Anterior area,L5 ET,0.0779446623041,0.0550973877588,466,3.25536480687,-0.0150214592275
Lateral visual area,RSP/ACA ML,0.077868249733,0.0999967982986,8,1.0,0.125
"Retrosplenial area, lateral agranular part",TT,0.0763217608134,0.00757775665598,3,1.0,0.0
"Primary somatosensory area, upper limb",NP PPP/RSP,0.0760532900536,0.0188830478214,30,1.0,0.0
Ectorhinal area,LA,0.0753550715218,0.0509153033513,21,1.19047619048,0.0
"Agranular insular area, dorsal part",L6 IT,0.0753520319743,0.0284948463991,443,4.22573363431,0.0180586907449
Dorsal auditory area,L6 IT,0.0751004575952,0.0532399419271,465,3.76989247312,0.0236559139785
Primary visual area,HIP CA3,0.0748461872339,0.0402641564206,10,1.0,0.0
Postrhinal area,NP PPP/RSP,0.0747889532525,0.0439121001749,14,1.42857142857,0.0
"Agranular insular area, ventral part",ENT ML,0.0747586553916,0.031165154839,56,1.17857142857,0.0178571428571
"Primary somatosensory area, barrel field",L5 ET,0.0743100322357,0.0267669923582,1243,2.8873692679,0.0241351568785
Visceral area,COA,0.0734710693359,0.0,1,1.0,0.0
"Agranular insular area, dorsal part",HIP CA1,0.0732237625867,0.0410880834832,5,1.0,0.0
"Retrosplenial area, dorsal part",L6 CT,0.0730355194175,0.0235792479455,1683,6.23885918004,0.0362448009507
Laterointermediate area,BLA/BMA/PA,0.0726048151652,0.0158809613024,6,1.0,0.166666666667
Secondary motor area,ENT ML,0.072387644199,0.0168766059781,146,1.07534246575,0.0342465753425
"Primary somatosensory area, lower limb",NA,0.0718489661465,0.0176138368075,1371,5.78555798687,0.0255288110868
"Primary somatosensory area, trunk",ENT DL,0.0713417472418,0.0472976693473,37,1.13513513514,0.0
Ectorhinal area,PG,0.0706894039176,0.0566314613248,8,1.0,0.0
Temporal association areas,RSP/ACA UL,0.0704564305351,0.0199405785506,17,1.0,0.0
"Retrosplenial area, dorsal part",Car3,0.0703197998019,0.0286588506852,95,1.05263157895,0.0
"Retrosplenial area, ventral part",NP,0.0695346911717,0.00750561778089,1480,3.19189189189,0.0135135135135
Temporal association areas,ENT ML,0.069126397672,0.0300156060813,102,1.19607843137,0.0196078431373
Gustatory areas,RSP/ACA ML,0.0685880976729,0.0378044147676,20,1.45,0.05
"Retrosplenial area, lateral agranular part",EPd,0.0680290868506,0.0337544453757,20,1.0,0.05
"Agranular insular area, ventral part",L5 IT,0.0677272541735,0.0886255794836,83,2.79518072289,-0.0361445783133
Gustatory areas,L6b/CT,0.0675861472783,0.0291111723477,259,2.47104247104,0.003861003861
Ectorhinal area,HIP CA3,0.0667590794037,0.0515777763601,12,1.0,0.0
"Primary somatosensory area, barrel field",NA,0.0654479107929,0.00938637814361,3962,5.84982332155,0.0128722867239
Laterointermediate area,L6b/CT,0.0648769124047,0.0637254922274,46,1.26086956522,-0.0217391304348
Visceral area,L5 ET,0.063903181606,0.0465549550769,368,2.77173913043,0.0190217391304
Supplemental somatosensory area,ENT DL,0.0637821149483,0.0682543798407,22,1.0,0.0454545454545
"Primary somatosensory area, barrel field",HIP CA1,0.0637211085663,0.0398016075503,14,1.0,0.0
Postrhinal area,HIP CA1,0.0635473026454,0.061701917064,18,1.27777777778,0.0555555555556
Ventral auditory area,TT,0.0632211863995,0.0,1,1.0,0.0
Postrhinal area,NP,0.0625865972388,0.0287793687537,187,1.82352941176,0.0106951871658
"Primary somatosensory area, mouth",NA,0.0623390675488,0.0114875826108,2941,6.3060183611,0.0122407344441
Posterior auditory area,L6b/CT,0.0601737252437,0.0440797702238,64,1.453125,0.0
Perirhinal area,PPP,0.0599667308362,0.0323818609256,19,1.0,0.0
"Agranular insular area, dorsal part",L2/3 IT,0.0599410315561,0.0644424757362,211,7.64454976303,0.042654028436
Secondary motor area,L6b/CT,0.059899705314,0.0593181088128,132,1.68939393939,0.0
"Anterior cingulate area, dorsal part",L4/5 IT,0.0595024672101,0.0193051438615,539,3.78293135436,0.00742115027829
"Anterior cingulate area, ventral part",TR,0.059498241991,0.0273880471747,24,1.0,0.0
"Agranular insular area, dorsal part",HIP CA3,0.0593361511827,0.0539401409326,5,1.0,0.0
Ventral auditory area,L6 CT,0.0590690006585,0.042837340615,491,4.95112016293,0.0162932790224
"Retrosplenial area, ventral part",NA,0.0588372613773,0.00650033485577,2199,7.46020918599,0.0181900864029
"Retrosplenial area, lateral agranular part",L6b/CT,0.0585988535782,0.0477267858967,67,1.13432835821,0.0
"Primary somatosensory area, unassigned",L4/5 IT,0.0579696810054,0.0963351559213,526,9.96577946768,-0.0304182509506
Primary visual area,L6b/CT,0.0573201298334,0.0223338826211,176,1.03409090909,0.0170454545455
"Primary somatosensory area, barrel field",DGpo,0.0573133614201,0.0411609182715,13,1.0,0.0
"Primary somatosensory area, upper limb",NP,0.0571082907244,0.0136767441268,613,1.41435562806,0.0114192495922
"Primary somatosensory area, trunk",L6b,0.056052248585,0.0346339995457,263,1.90874524715,0.0
Temporal association areas,TR,0.0558670629835,0.0510497362342,32,1.0,0.0
"Primary somatosensory area, upper limb",PG,0.0557205184934,0.0344030055578,62,1.0,0.0161290322581
Primary auditory area,PIR UL,0.0555303282362,0.0682642227892,38,1.0,0.0
Anteromedial visual area,LA,0.0553507506847,0.0,1,1.0,0.0
Supplemental somatosensory area,L6 IT,0.0550929014077,0.0112127442994,3830,3.25326370757,0.00104438642298
Ectorhinal area,PIR UL,0.0545563986872,0.0297110186402,47,1.0,0.0212765957447
Endopiriform nucleus,AON,0.0543494224548,0.0397305488586,2,1.0,0.0
Primary visual area,PG,0.0541019245721,0.0161858814955,125,1.064,0.0
Primary visual area,NP PPP/RSP,0.0538072819501,0.0236895359113,80,1.0,-0.0125
"Retrosplenial area, dorsal part",ENT DL,0.0536207061783,0.0328244889829,205,2.09756097561,0.00975609756098
Primary visual area,ENT UL,0.0533080656896,0.0226479060224,8,1.0,0.0
Perirhinal area,Car3,0.053168867249,0.0204245119726,4,1.0,0.0
Ectorhinal area,ENT ML,0.0528404372349,0.0410538235329,117,4.05128205128,0.00854700854701
Anteromedial visual area,L6 IT,0.0526739418494,0.0620173096041,380,3.65526315789,-0.00263157894737
Visceral area,ENT DL,0.0526404563336,0.0649327685888,119,2.73109243697,-0.0420168067227
"Retrosplenial area, dorsal part",L6 IT,0.052526422771,0.017714886337,1517,3.09756097561,0.00197758734344
"Retrosplenial area, dorsal part",BLA/BMA/PA,0.0522939062544,0.0461590417976,14,1.0,-0.0714285714286
"Anterior cingulate area, dorsal part",L6 IT,0.0521743320327,0.0251453334155,623,3.98715890851,0.0112359550562
Gustatory areas,L6b,0.0517544525602,0.0453588346377,386,3.29015544041,0.0284974093264
Primary visual area,RSP/ACA UL,0.0512791423184,0.0220465838106,108,1.06481481481,0.0277777777778
Anterolateral visual area,Low quality,0.0511664077329,0.0298083037528,30,1.0,0.0
"Anterior cingulate area, dorsal part",Car3,0.0505402872028,0.0223503277951,6,1.0,0.166666666667
"Primary somatosensory area, mouth",L5 ET,0.0499864475919,0.0254728417107,1122,2.21122994652,0.0383244206774
Temporal association areas,L5 IT,0.0496235966226,0.0328055454284,528,2.07007575758,0.0151515151515
"Primary somatosensory area, nose",L6b,0.0493235672266,0.0448249755468,449,2.85077951002,0.00890868596882
Ectorhinal area,Low quality,0.0487115266945,0.0433629516043,63,2.73015873016,0.015873015873
Lateral visual area,PG,0.0479184389114,0.0292482314204,5,1.0,0.0
Primary visual area,ENT DL,0.0478552805474,0.0351065313879,102,1.49019607843,0.0
Temporal association areas,L6b,0.0477792731849,0.0334978104646,381,3.47244094488,0.010498687664
Posterior auditory area,RSP/ACA UL,0.0476811726888,0.0199894155088,3,1.0,0.0
"Primary somatosensory area, barrel field",PG,0.0468156641886,0.0281137404031,115,1.05217391304,0.0173913043478
"Retrosplenial area, lateral agranular part",PIR UL,0.0462604890164,0.0477139722366,90,1.05555555556,0.0
Postrhinal area,PG,0.0461167828554,0.0498325375544,14,1.0,0.0
Secondary motor area,TT,0.0457276568438,0.0224582398738,3,1.0,0.0
Primary auditory area,PG,0.0457170040172,0.0192953627261,42,1.0,0.0238095238095
"Anterior cingulate area, ventral part",BLAa,0.0457105315659,0.0182497492564,67,1.16417910448,0.0298507462687
Supplemental somatosensory area,PIR UL,0.0453767724321,0.0142264515078,176,1.03409090909,0.00568181818182
cerebrum related,NP PPP/RSP,0.0449341535568,0.00906434164379,4,1.0,0.0
Primary auditory area,NP,0.0447423975484,0.0104491889058,407,1.5773955774,0.002457002457
Ectorhinal area,L5 IT,0.0446403305208,0.0418856473202,258,1.95736434109,-0.0193798449612
Postrhinal area,HIP SUB,0.0446132417686,0.0359719023868,12,1.66666666667,0.0
Secondary motor area,HIP SUB,0.0445664574703,0.021890651229,3,1.0,0.0
"Primary somatosensory area, lower limb",PIR UL,0.0443401199766,0.0190294631243,30,1.0,0.0333333333333
Gustatory areas,RSP/ACA UL,0.0440678695838,0.0412381855495,9,1.55555555556,0.111111111111
"Retrosplenial area, dorsal part",PIR UL,0.0439646879467,0.0297190273441,122,1.01639344262,0.016393442623
"Anterior cingulate area, ventral part",ENT ML,0.0439352911228,0.0250930124337,44,1.02272727273,0.0227272727273
Ventral auditory area,COA,0.0438884296454,0.0545380681507,4,1.0,0.25
"Retrosplenial area, dorsal part",EPd,0.0434103643987,0.0339424046194,80,1.225,0.0125
"Anterior cingulate area, dorsal part",PIR UL,0.0434048736934,0.0333023413845,35,1.0,0.0285714285714
"Agranular insular area, posterior part",DGgc,0.0432666391134,0.0436414629221,2,1.0,0.0
Gustatory areas,LA,0.0432235035631,0.0624822205941,9,1.0,0.0
"Agranular insular area, dorsal part",NP,0.0431706044996,0.0109181350499,205,1.63414634146,0.0292682926829
Ectorhinal area,COA,0.0429298787479,0.0512947442485,56,1.08928571429,-0.0535714285714
"Primary somatosensory area, mouth",PG,0.0427782345678,0.0157169261115,89,1.07865168539,0.0449438202247
"Primary somatosensory area, barrel field",Unclear,0.0426527823549,0.02624596376,42,1.0,0.0
"Anterior cingulate area, ventral part",EPd,0.0424573472156,0.0206625956144,107,1.38317757009,0.0
Dorsal auditory area,NP,0.0424299164402,0.0226875964293,203,1.70935960591,0.0
Postrhinal area,PIR UL,0.0423157979492,0.0186021387306,76,1.14473684211,0.0394736842105
Secondary motor area,L4/5 IT,0.0417649521633,0.0113431421807,1178,4.25891341256,0.025466893039
Secondary motor area,NA,0.0412133078462,0.0087657988446,1925,5.74285714286,0.00987012987013
Postrhinal area,ENT UL,0.0411353963783,0.053398838484,56,4.91071428571,0.0178571428571
"Primary somatosensory area, barrel field",Low quality,0.0407762721664,0.0319364253663,305,2.8,-0.00655737704918
"Retrosplenial area, ventral part",PIR UL,0.0407230171201,0.0173960513762,51,1.13725490196,0.0
"Agranular insular area, posterior part",NP,0.0406529139851,0.0161490458236,347,2.19596541787,-0.0115273775216
"Anterior cingulate area, ventral part",NP,0.0406436402043,0.0128944305464,559,2.46511627907,0.00715563506261
Rostrolateral visual area,HIP CA3,0.040420708557,0.0197721028035,3,1.0,0.0
"Anterior cingulate area, ventral part",L4/5 IT,0.040383504068,0.0262719790949,456,3.49122807018,-0.0109649122807
"Retrosplenial area, dorsal part",DGpo,0.0393857680416,0.0415876079953,6,1.33333333333,0.0
"Retrosplenial area, dorsal part",Low quality,0.0393186121948,0.021907326495,821,4.32521315469,0.00852618757613
Anterolateral visual area,ENT ML,0.0389565765444,0.0500737319242,9,1.0,0.0
"Primary somatosensory area, lower limb",L2/3 IT,0.0389415003997,0.0506771600918,958,9.1617954071,-0.00417536534447
Primary motor area,L6b,0.0388787182691,0.011700462797,1219,2.94585726005,0.0114848236259
Primary visual area,RSP/ACA ML,0.0384380644163,0.0224851721316,39,1.0,-0.025641025641
Supplemental somatosensory area,ENT UL,0.0383716475751,0.035307601705,7,1.0,0.0
"Agranular insular area, posterior part",DGpo,0.038318679668,0.0221067881212,2,1.0,0.0
Ectorhinal area,AON,0.0382106617326,0.0102143298131,8,1.0,0.125
Dorsal auditory area,Unclear,0.0381458356807,0.0193731429957,22,1.18181818182,0.0454545454545
"Primary somatosensory area, barrel field",NP,0.0377159223885,0.0100997054364,925,1.62702702703,0.0162162162162
Anterior area,NP PPP/RSP,0.0376824062016,0.0268767077883,37,1.0,0.0
Visceral area,NP,0.0373759085002,0.0142882551094,285,1.84912280702,0.0105263157895
"Primary somatosensory area, upper limb",ENT ML,0.0371442485549,0.0412323467692,36,1.02777777778,0.0833333333333
Anterior area,NP,0.0369792852624,0.0227584499937,345,1.86666666667,-0.00289855072464
"Primary somatosensory area, barrel field",AON,0.0367401029012,0.0368836015065,40,1.025,-0.025
"Agranular insular area, posterior part",BLA/BMA/PA,0.0363061848771,0.0283597794059,95,1.27368421053,0.0
"Agranular insular area, ventral part",NP,0.0359935189563,0.0154204963955,135,1.79259259259,-0.0222222222222
"Primary somatosensory area, trunk",PPP,0.0359800429724,0.0107404297584,16,1.0,0.0
"Agranular insular area, ventral part",ENT DL,0.0351025140885,0.0640765053946,115,2.46086956522,0.0
"Agranular insular area, posterior part",HIP CA3,0.0350165602803,0.0261815926892,9,1.0,0.0
Ectorhinal area,Unclear,0.0339883908164,0.0463525824489,18,1.0,0.0555555555556
Temporal association areas,LA,0.0337803027081,0.0417946701305,71,1.14084507042,0.0422535211268
Anterolateral visual area,NP,0.0337231298801,0.0278867053671,206,1.45145631068,-0.0145631067961
Posterolateral visual area,COA,0.0336922749411,0.0620682755686,10,1.0,0.0
"Retrosplenial area, dorsal part",NP,0.033649431986,0.00700301348511,1496,2.50868983957,0.00401069518717
"Anterior cingulate area, dorsal part",L5 IT,0.0336386547967,0.0189645920931,609,3.6091954023,0.00328407224959
"Agranular insular area, posterior part",Low quality,0.0335169553812,0.0300143973939,256,3.4765625,-0.01171875
Primary auditory area,LA,0.0334087243925,0.0241821863198,6,1.0,0.0
Secondary motor area,PPP,0.0333131009551,0.0256267443724,23,1.0,0.0
"Agranular insular area, ventral part",L4/5 IT,0.0331525221101,0.115921553233,140,3.64285714286,0.0
Primary motor area,PPP,0.0331111053626,0.0260151450295,3,1.0,0.333333333333
"Retrosplenial area, lateral agranular part",PG,0.0330682842661,0.0348693513397,59,1.03389830508,0.0
"Primary somatosensory area, mouth",L6b/CT,0.0329129660635,0.0278669767604,70,1.01428571429,0.0142857142857
"Primary somatosensory area, trunk",PG,0.0324876094948,0.0229186080692,18,1.0,0.0
Primary auditory area,Low quality,0.0314105778908,0.0192163728398,35,1.0,0.0
"Primary somatosensory area, lower limb",L6b,0.0306297113242,0.0240293369556,430,2.46279069767,-0.00697674418605
"Agranular insular area, posterior part",HIP SUB,0.0302138316135,0.0407996575337,15,1.26666666667,0.0
Ectorhinal area,PPP,0.0300261694938,0.0206282998854,17,1.0,0.0
Primary visual area,L6 IT,0.0292091633223,0.0139645823619,2053,4.08524111057,-0.000974184120799
"Primary somatosensory area, barrel field",L6b,0.0290949625608,0.0155835939467,1030,2.30388349515,0.00873786407767
"Primary somatosensory area, barrel field",LA,0.0288197854534,0.0235186358914,2,1.0,0.0
Primary motor area,NA,0.0288138342326,0.00696902573152,2987,6.14094409106,0.00535654502846
Primary visual area,ENT L6b,0.0287239140558,0.0491772050727,58,1.1724137931,0.0
Postrhinal area,RSP/ACA UL,0.0280634250288,0.0146207121095,10,1.0,0.0
"Primary somatosensory area, mouth",TT,0.0276168160141,0.0477713881101,5,1.0,0.0
Primary visual area,PIR UL,0.0275226732304,0.0148629253551,176,1.0625,0.0227272727273
Perirhinal area,HIP CA3,0.0271767625818,0.0160597019001,6,1.0,0.0
Postrhinal area,NA,0.0270895493853,0.0290559517806,650,6.28,0.0
"Anterior cingulate area, ventral part",TT,0.026915881374,0.0208779650282,55,2.85454545455,0.0
"Primary somatosensory area, unassigned",NP,0.0267421200475,0.0265719354581,235,1.60425531915,-0.00425531914894
Rostrolateral visual area,RSP/ACA UL,0.0266870073974,0.0246242698274,3,1.0,0.0
"Anterior cingulate area, ventral part",ENT L6b,0.0261026674772,0.0139871982298,27,1.0,0.0
"Primary somatosensory area, upper limb",L6b/CT,0.0256356738116,0.0334857827522,19,1.05263157895,0.0
Primary motor area,PG,0.0255210658385,0.0119311701034,96,1.14583333333,0.0208333333333
Primary visual area,HIP CA1,0.0253688908706,0.056316133749,8,1.0,0.0
"Retrosplenial area, lateral agranular part",HIP SUB,0.02500784763,0.0228831944333,7,1.0,0.0
Temporal association areas,HIP CA3,0.0248031839728,0.00838610314917,7,1.0,0.0
Temporal association areas,BA,0.0242900511322,0.135500203918,13,1.0,0.0769230769231
"Anterior cingulate area, ventral part",BLA/BMA/PA,0.0239034757329,0.0126131020764,52,2.17307692308,0.0192307692308
"Agranular insular area, posterior part",TR,0.0236470984353,0.0297546023675,108,1.59259259259,-0.0185185185185
corpus callosum,RSP/ACA UL,0.023162206014,0.169469475463,3,3.0,0.0
"Agranular insular area, dorsal part",ENT ML,0.0228405302541,0.024668048787,39,1.0,0.0
"Anterior cingulate area, ventral part",LA,0.0226159601186,0.012417457316,13,1.0,0.0
Primary motor area,BLAa,0.0226041559751,0.0297000042794,6,1.0,0.0
Secondary motor area,AON,0.0223314076277,0.0323007938096,23,1.0,0.0
Temporal association areas,NP PPP/RSP,0.0218104503371,0.0332876042379,11,1.0,0.0
"Retrosplenial area, dorsal part",Unclear,0.0212727854286,0.00955595936464,38,1.0,0.0
Laterointermediate area,EPd,0.0211005831758,0.0391074568714,15,1.26666666667,0.0666666666667
Posterolateral visual area,ENT DL,0.0207437107276,0.0381526175324,120,2.68333333333,-0.00833333333333
"Retrosplenial area, ventral part",PPP,0.020493178715,0.0258565703207,238,2.39495798319,0.0
Supplemental somatosensory area,PPP,0.0203441912308,0.0107826637325,6,1.0,0.0
Supplemental somatosensory area,ENT ML,0.0203058072842,0.0267958377003,110,1.02727272727,-0.00909090909091
"Retrosplenial area, ventral part",RSP/ACA ML,0.0202715784762,0.0114088789045,1949,7.5094920472,0.0159055926116
Primary visual area,NA,0.0201766601825,0.00743253987517,3553,5.5341964537,-0.0030959752322
Posterior auditory area,NP PPP/RSP,0.020098010699,0.100758811232,3,1.0,-0.333333333333
"Primary somatosensory area, lower limb",AON,0.0200356906554,0.0546498110825,17,1.11764705882,-0.117647058824
"Agranular insular area, posterior part",BLAa,0.0196939893877,0.0369854599897,23,1.47826086957,0.0434782608696
"Agranular insular area, dorsal part",ENT UL,0.0189853310585,0.0,1,1.0,0.0
"Primary somatosensory area, trunk",AON,0.0186770898955,0.102341263207,7,1.0,0.0
Ectorhinal area,BLAa,0.0185180080977,0.0110022142316,18,1.22222222222,0.0
Perirhinal area,L5 ET,0.0181530484786,0.11792194882,13,1.38461538462,0.0
Cortical subplate,ENT L6b,0.018149095466,0.0402258736789,23,1.04347826087,0.0
Perirhinal area,L6b/CT,0.01812172734,0.0535353289266,28,1.53571428571,0.0357142857143
"Primary somatosensory area, lower limb",NP PPP/RSP,0.0180679615587,0.0191979533208,26,1.0,0.0
"Primary somatosensory area, barrel field",ENT UL,0.017999086529,0.0060134233646,4,1.0,0.0
"Agranular insular area, posterior part",L6b/CT,0.0171066388609,0.0299453579301,555,4.15315315315,-0.00540540540541
Temporal association areas,Low quality,0.0170745984511,0.0178222305041,100,1.1,-0.03
Cortical subplate,PG,0.0167525708675,0.0360240409899,8,1.0,0.0
"Retrosplenial area, lateral agranular part",L4/5 IT,0.0161880699101,0.0327357558758,982,4.57942973523,0.0040733197556
"Agranular insular area, dorsal part",Unclear,0.0161336753835,0.0106678077814,11,1.0,0.0
"Agranular insular area, posterior part",COA,0.0147979712381,0.0233869163215,88,1.13636363636,0.0113636363636
"Retrosplenial area, lateral agranular part",BLA/BMA/PA,0.0140700943481,0.0628632796558,26,1.19230769231,0.0
Dorsal auditory area,AON,0.0138035101816,0.034418624484,10,1.0,0.0
"Retrosplenial area, dorsal part",PG,0.0135721522707,0.0118439831769,72,1.0,0.0138888888889
Primary motor area,PIR UL,0.0134379364478,0.014066680462,123,1.0,-0.0243902439024
"Agranular insular area, dorsal part",BLAa,0.0132125502685,0.00833636668066,20,1.0,0.0
"Agranular insular area, dorsal part",NA,0.0126322384538,0.0197492589209,492,5.34349593496,0.0121951219512
Secondary motor area,PG,0.0120972889959,0.0141810273828,51,1.01960784314,-0.0196078431373
Secondary motor area,Low quality,0.0120479669005,0.019686675269,201,1.25373134328,0.0298507462687
Primary visual area,ENT ML,0.0113145515451,0.0196343661165,188,1.10638297872,0.0106382978723
"Agranular insular area, ventral part",L6 IT,0.0110805490611,0.0431259037617,191,2.87958115183,-0.0104712041885
Temporal association areas,HIP CA1,0.0109756704021,0.0108911096813,7,1.0,0.0
"Agranular insular area, ventral part",NP PPP/RSP,0.010814666748,0.03089427948,2,1.0,0.0
Temporal association areas,BLAa,0.0106151662818,0.00519552824783,23,1.0,0.0
"Primary somatosensory area, barrel field",HIP CA3,0.0105365924537,0.0249554633789,4,1.0,0.0
"Primary somatosensory area, mouth",Unclear,0.0101485877697,0.0144872028949,42,1.0,0.0
Cortical subplate,L6b,0.0100036432084,0.113350994332,95,5.71578947368,-0.0105263157895
Secondary motor area,ENT UL,0.00883868742468,0.0069564547195,14,1.0,0.0
Primary auditory area,ENT ML,0.00878113402743,0.016949621796,37,1.35135135135,0.027027027027
"Primary somatosensory area, barrel field",RSP/ACA ML,0.00876946328208,0.054013102731,26,1.0,0.0
Rostrolateral visual area,DGgc,0.00857366397977,0.00518593412733,5,1.0,0.0
"Retrosplenial area, ventral part",Low quality,0.00850672194094,0.0081972447619,1215,2.72427983539,-0.00576131687243
"Primary somatosensory area, mouth",BLA/BMA/PA,0.00842785229906,0.0133488898848,6,1.0,0.0
Primary motor area,COA,0.00841980753466,0.0136407628929,12,1.0,0.0
"Agranular insular area, posterior part",NA,0.00837580392053,0.020446677693,1096,6.50547445255,-0.00821167883212
Ectorhinal area,RSP/ACA UL,0.00822381155255,0.00714057250261,12,1.0,0.0
Primary motor area,BLA/BMA/PA,0.00819683331065,0.00697679622852,4,1.0,0.0
"Primary somatosensory area, trunk",Car3,0.00792608202236,0.0390642456606,14,1.0,0.0
"Primary somatosensory area, barrel field",TR,0.00763405091129,0.00641057334066,3,1.0,0.0
Primary visual area,BLAa,0.00683944910998,0.00358753932453,8,1.0,0.0
Dorsal auditory area,COA,0.00679934420623,0.00263269458862,4,1.0,0.0
Secondary motor area,EPd,0.00665888974133,0.00174514964164,3,1.0,0.0
"Retrosplenial area, lateral agranular part",L6 IT,0.00649292796896,0.0341444193733,1064,3.62218045113,0.0225563909774
Primary motor area,DGpo,0.0064856529768,0.00438502180592,7,1.0,0.0
"Primary somatosensory area, mouth",Low quality,0.00644353810005,0.0152262838432,390,1.83333333333,0.00512820512821
"Anterior cingulate area, ventral part",L6b,0.00641334956303,0.0363893015097,166,2.1686746988,-0.00602409638554
Ventral auditory area,ENT L6b,0.0063144983879,0.0816902909448,30,1.1,-0.0333333333333
"Primary somatosensory area, upper limb",Unclear,0.00628020082201,0.0459921924963,28,1.0,0.0
Laterointermediate area,RSP/ACA UL,0.00623588263988,0.0564318791627,4,1.0,0.25
Dorsal auditory area,PIR UL,0.00595621793764,0.0605219814053,32,1.0,0.03125
Primary motor area,ENT ML,0.00590837452674,0.0233496956295,74,1.12162162162,0.027027027027
"Anterior cingulate area, dorsal part",NA,0.00568463718203,0.0142093578383,953,5.82686253935,0.00524658971668
Gustatory areas,ENT ML,0.00538191245869,0.0302559874227,32,1.03125,0.03125
Secondary motor area,ENT DL,0.0053801088993,0.0148053327777,140,1.23571428571,0.00714285714286
"Agranular insular area, posterior part",Unclear,0.00505671088052,0.0746904735259,28,1.0,-0.0714285714286
Ventral auditory area,L5 IT,0.00505097117575,0.0267407168383,447,2.09619686801,-0.0089485458613
"Anterior cingulate area, ventral part",HIP SUB,0.0050397285012,0.00333454857724,83,1.44578313253,0.0120481927711
"Anterior cingulate area, dorsal part",PG,0.00447372272611,0.0143279283526,10,1.0,0.0
"Agranular insular area, ventral part",ENT L6b,0.00427083995601,0.0528536627837,32,1.28125,-0.03125
Temporal association areas,ENT UL,0.00360213220119,0.0,1,1.0,0.0
Ectorhinal area,DGpo,0.00357025144622,0.00236920094455,5,1.0,0.0
"Retrosplenial area, ventral part",L4/5 IT,0.00349960756623,0.0157849569966,213,1.57276995305,-0.00469483568075
"Agranular insular area, dorsal part",Low quality,0.0032251032216,0.00896022889912,104,2.24038461538,0.0
"Primary somatosensory area, upper limb",PIR UL,0.00285593420267,0.0324231428924,38,1.0,0.0
"Retrosplenial area, dorsal part",ENT UL,0.00278893113136,0.0244641228641,6,1.0,0.0
"Anterior cingulate area, dorsal part",ENT DL,0.00264703068293,0.0117315448051,184,1.4347826087,0.0163043478261
"Agranular insular area, ventral part",TR,0.00250080525875,0.049035302961,15,1.2,0.0
"Retrosplenial area, ventral part",PG,0.00244476893739,0.026995197099,34,1.0,-0.0294117647059
Gustatory areas,TR,0.00217175856233,0.00688844257139,3,1.0,0.0
Anterior area,DGgc,0.00183886561585,0.00151387668431,11,1.45454545455,0.0
Anterior area,ENT ML,0.0018070166916,0.0452923633584,48,1.0,0.0
"Retrosplenial area, lateral agranular part",DGpo,0.00165055599064,0.0115787759838,5,1.0,0.0
Primary auditory area,L6 IT,0.00146242842198,0.0309616438908,743,3.67429340511,0.0107671601615
"Primary somatosensory area, trunk",TT,0.00131521721293,0.000620864120036,3,1.0,0.0
"Primary somatosensory area, nose",EPd,0.00104812385204,0.00273886541952,3,1.0,0.0
"Anterior cingulate area, dorsal part",NP,0.000928206994945,0.0108221572236,430,1.76744186047,0.0093023255814
Secondary motor area,Car3,0.00091841747053,0.00543434240858,4,1.75,0.0
"Anterior cingulate area, ventral part",COA,0.000888810441312,0.00714192648365,18,1.0,0.0
"Agranular insular area, dorsal part",ENT L6b,0.000756792808628,0.00294802796324,31,1.0,0.0
"Primary somatosensory area, lower limb",BLAa,0.000381700694561,0.0,1,1.0,0.0
"Anterior cingulate area, dorsal part",AON,0.000270686578006,0.00015041930601,2,1.0,0.0
Ventral auditory area,BLA/BMA/PA,0.000239691697061,0.0,1,1.0,0.0
Primary auditory area,HIP CA1,8.52826560731e-05,7.1337512054e-05,2,1.0,0.0
Posterolateral visual area,HIP CA1,3.25982303669e-05,2.19648013419e-05,3,1.0,0.0
Posterolateral visual area,HIP SUB,-2.4827292443e-05,6.66694703697e-05,11,1.0,0.0
"Retrosplenial area, ventral part",MOB UL,-0.000107609038241,8.38089151289e-06,5,1.0,0.0
Supplemental somatosensory area,TT,-0.000188897829503,0.0,1,1.0,0.0
Visceral area,PPP,-0.00034441286698,0.00015332058265,3,1.0,0.0
Primary motor area,HIP CA3,-0.000378771958982,0.0183387688062,17,1.0,-0.0588235294118
Posterolateral visual area,BLA/BMA/PA,-0.000390278961277,0.000892583379207,6,1.0,0.0
Primary motor area,HIP SUB,-0.000420095399022,0.000467276895624,4,1.0,0.0
Laterointermediate area,ENT ML,-0.000483987771946,0.0961786844052,23,1.08695652174,0.0
Primary visual area,DGgc,-0.0005137907962,0.000426167833476,3,1.0,0.0
Primary auditory area,NP PPP/RSP,-0.000673706177622,0.000584454540861,4,1.0,0.0
"Anterior cingulate area, ventral part",DGpo,-0.000875176823077,0.000538491712374,3,1.0,0.0
"Primary somatosensory area, trunk",TR,-0.00109916177462,0.000721960997795,4,1.0,0.0
posteromedial visual area,L6b/CT,-0.00117589746203,0.0995797473577,14,1.0,0.0
"Primary somatosensory area, nose",PG,-0.00117668781022,0.0364387833056,80,1.0875,0.0
Ectorhinal area,HIP SUB,-0.00118330401407,0.0232162539204,24,1.0,0.0
"Retrosplenial area, ventral part",L5 ET,-0.00123272537552,0.0134230425749,1454,3.58115543329,-0.0103163686382
Secondary motor area,NP,-0.00131611061948,0.00722098931611,875,1.76914285714,0.00685714285714
Postrhinal area,COA,-0.0013384398218,0.0403077260322,61,1.31147540984,-0.016393442623
Ventral auditory area,Unclear,-0.00141336647077,0.0236884793716,13,1.0,0.0
"Retrosplenial area, ventral part",HIP CA1,-0.00160356670884,0.000406262632141,7,1.0,0.0
"Agranular insular area, dorsal part",COA,-0.00197552796453,0.00175393791869,2,1.0,0.0
"Anterior cingulate area, dorsal part",ENT UL,-0.00214289501309,0.000524241477251,2,1.0,0.0
"Primary somatosensory area, trunk",L6 CT,-0.00236706989706,0.0469269102828,735,4.82993197279,-0.00952380952381
Primary motor area,Unclear,-0.00239343656151,0.00748840541016,37,1.0,0.0
Primary motor area,LA,-0.00251756189391,0.00100185715485,5,1.0,0.0
"Retrosplenial area, dorsal part",ENT ML,-0.00299266997716,0.0253174618275,103,1.01941747573,-0.0194174757282
"Primary somatosensory area, upper limb",Low quality,-0.00308742014621,0.0304895275205,79,1.79746835443,0.0126582278481
Rostrolateral visual area,ENT DL,-0.00318087339401,0.0164140824658,5,1.0,0.0
Prelimbic area,ENT DL,-0.00318340212107,0.170809368806,4,1.0,0.0
Anteromedial visual area,L6b/CT,-0.00369608601821,0.0325940131926,21,1.0,0.0
"Primary somatosensory area, barrel field",DGgc,-0.00418983830605,0.00247681912875,4,1.0,0.0
Lateral visual area,Unclear,-0.004364810884,0.0625554282595,4,1.0,0.0
"Primary somatosensory area, unassigned",COA,-0.00453349947929,0.0265333007873,4,1.0,0.0
Lateral visual area,NP,-0.00462862178949,0.0276550383942,175,1.62857142857,-0.0171428571429
"Retrosplenial area, dorsal part",DGgc,-0.00517193476359,0.0160699164761,3,1.0,0.0
"Agranular insular area, posterior part",TT,-0.00521088950336,0.0,1,1.0,0.0
"Anterior cingulate area, dorsal part",Low quality,-0.00635264881185,0.0141799104172,168,1.78571428571,0.0
Cortical subplate,HIP CA1,-0.00640399493277,0.0105472845949,10,1.0,0.0
"Agranular insular area, ventral part",L6b,-0.00651347928769,0.0586387881131,42,3.2380952381,0.047619047619
Postrhinal area,BLA/BMA/PA,-0.00665721297264,0.0,1,1.0,0.0
Primary motor area,DGgc,-0.00697569604963,0.00656237072055,10,1.0,0.0
Anteromedial visual area,RSP/ACA UL,-0.00739417063693,0.0948967569334,30,1.0,0.0666666666667
Primary auditory area,AON,-0.00741849455517,0.00682068255264,2,1.0,0.0
Ventral auditory area,NP PPP/RSP,-0.00746030509472,0.0452681467721,10,1.0,0.0
corpus callosum,Unclear,-0.00747966766357,0.00355434417725,2,1.0,0.0
Rostrolateral visual area,Low quality,-0.00839833163523,0.0124783417241,28,1.0,0.0
Lateral visual area,AON,-0.00890258513391,0.0,1,1.0,0.0
Anterior area,Unclear,-0.00902080006199,0.0117352624105,40,1.0,-0.025
"Agranular insular area, dorsal part",LA,-0.00940331665333,0.00716806974399,6,1.0,0.0
"Retrosplenial area, lateral agranular part",HIP CA1,-0.00945102749392,0.0152549862731,11,1.0,0.0
Perirhinal area,HIP SUB,-0.00984373067816,0.0150232113792,3,1.0,0.0
"Retrosplenial area, ventral part",HIP SUB,-0.00996847783261,0.00909175305789,133,2.21804511278,-0.00751879699248
"Retrosplenial area, lateral agranular part",L6 CT,-0.010633137812,0.0430754851407,1074,6.74581005587,-0.0139664804469
"Agranular insular area, dorsal part",RSP/ACA ML,-0.0108186186844,0.00823374492921,8,1.0,0.0
Primary auditory area,L6b,-0.0115615625313,0.0221663830471,326,2.31901840491,-0.00613496932515
Primary visual area,Unclear,-0.0115634148515,0.0144758558897,79,1.12658227848,0.0126582278481
Supplemental somatosensory area,AON,-0.0115739946352,0.0260171257406,52,1.0,0.0
Posterolateral visual area,DGpo,-0.0120794901624,0.00714185492619,5,1.0,0.0
"Agranular insular area, ventral part",Unclear,-0.0123279467225,0.0635365620255,2,1.0,0.0
"Retrosplenial area, lateral agranular part",ENT ML,-0.0123685260332,0.0378215848607,96,1.125,-0.0104166666667
Lateral visual area,RSP/ACA UL,-0.0128768691245,0.0694040905622,17,1.0,0.0
Primary visual area,L5 IT,-0.0130614328083,0.0114602054243,1982,2.78758829465,-0.00807265388496
Gustatory areas,L5 ET,-0.013139014868,0.0495932724638,332,2.21987951807,0.00301204819277
Posterolateral visual area,NA,-0.0134220200895,0.0428595823054,175,8.30857142857,0.0228571428571
Perirhinal area,PIR UL,-0.0137951741061,0.0216082969892,77,1.4025974026,0.0
Supplemental somatosensory area,Unclear,-0.0144639874993,0.0154369136284,111,1.04504504505,0.00900900900901
Primary visual area,L6b,-0.0146166163836,0.0136934522853,639,2.25508607199,-0.0250391236307
"Agranular insular area, dorsal part",NP PPP/RSP,-0.0147872995294,0.0186207271814,8,1.0,0.0
"Agranular insular area, dorsal part",PG,-0.0148569804483,0.00534228715723,7,1.0,0.0
Supplemental somatosensory area,HIP CA1,-0.014915844053,0.0387480993931,5,1.0,0.0
Temporal association areas,BLA/BMA/PA,-0.0157215927452,0.0133868491286,22,1.09090909091,0.0
Primary auditory area,RSP/ACA UL,-0.0161335704397,0.0185836378142,4,1.0,0.0
"Agranular insular area, dorsal part",L6b,-0.0163307091716,0.0186630890681,160,1.8625,0.0
Primary visual area,EPd,-0.0166220775906,0.01998004233,75,1.08,-0.0266666666667
"Primary somatosensory area, trunk",NP,-0.0167006606043,0.0247991750271,337,1.84272997033,-0.0118694362018
"Agranular insular area, dorsal part",DGpo,-0.0169407940573,0.015412280028,9,1.0,0.0
"Primary somatosensory area, upper limb",NA,-0.0172546176407,0.0160874028592,1815,6.01487603306,0.00716253443526
Posterolateral visual area,NP,-0.0179014983951,0.0184750760945,68,1.35294117647,-0.0294117647059
"Retrosplenial area, ventral part",COA,-0.0180122870952,0.00209341011941,2,1.0,0.0
"Primary somatosensory area, trunk",Low quality,-0.0180450627158,0.0237417739338,16,1.0625,-0.0625
"Anterior cingulate area, ventral part",AON,-0.018288190256,0.00885773759826,19,1.0,0.0
"Anterior cingulate area, ventral part",HIP CA3,-0.018477078331,0.0303810099302,79,1.92405063291,-0.0253164556962
"Agranular insular area, posterior part",ENT UL,-0.0185990297236,0.00640030197922,10,1.0,0.0
Anteromedial visual area,L6 CT,-0.0186704036366,0.0909843492623,358,6.53910614525,0.0195530726257
Ectorhinal area,NP,-0.0188189555672,0.0230279549017,194,1.91237113402,0.0103092783505
Primary auditory area,NA,-0.0188310728807,0.0182522389226,1201,5.83263946711,-0.0174854288093
"Agranular insular area, dorsal part",L5 IT,-0.0192045601336,0.0251644868878,139,2.02158273381,-0.0143884892086
Perirhinal area,RSP/ACA ML,-0.0198824604352,0.00598031031848,3,1.0,0.0
"Primary somatosensory area, barrel field",ENT ML,-0.0199944508194,0.0199673879156,58,1.0,0.0344827586207
Lateral visual area,L6b,-0.0203060214883,0.0591738472043,98,1.68367346939,-0.0102040816327
Laterointermediate area,L5 IT,-0.0206750874374,0.129289145908,96,3.01041666667,0.0729166666667
Dorsal auditory area,L6b/CT,-0.0209017421277,0.0752300626668,53,1.24528301887,-0.0377358490566
"Anterior cingulate area, dorsal part",BLAa,-0.0210528484125,0.0144211260997,31,1.0,0.0
"Anterior cingulate area, ventral part",ENT DL,-0.0210780180147,0.017815749951,266,1.87218045113,-0.00375939849624
Anteromedial visual area,L6b,-0.0213553815764,0.0405879425243,153,1.65359477124,0.0130718954248
Secondary motor area,PIR UL,-0.0216457856004,0.0122083183496,56,1.08928571429,0.0
"Retrosplenial area, dorsal part",TR,-0.0217699358861,0.0597604204085,24,1.0,0.0
Posterior auditory area,L5 ET,-0.0217878058447,0.0844651511646,283,2.40636042403,-0.0388692579505
"Agranular insular area, dorsal part",EPd,-0.022035236018,0.00989072744251,199,1.79899497487,0.0
"Retrosplenial area, dorsal part",NP PPP/RSP,-0.0221317644321,0.0187283900331,554,2.01985559567,-0.0324909747292
"Agranular insular area, ventral part",ENT UL,-0.0221780203283,0.0179053387362,8,1.0,0.0
"Primary somatosensory area, mouth",L5 IT,-0.0222503399557,0.023466419788,1556,2.53663239075,0.0372750642674
Ventral auditory area,PIR UL,-0.0227702408364,0.0222581329509,42,1.02380952381,-0.0238095238095
"Anterior cingulate area, dorsal part",L6b/CT,-0.0229670732283,0.0160989136935,186,1.87634408602,0.0
"Retrosplenial area, ventral part",ENT UL,-0.0233614812314,0.0119100034208,20,1.0,0.0
"Retrosplenial area, ventral part",Car3,-0.0240693701176,0.0192413685407,26,1.0,0.0
"Retrosplenial area, ventral part",L6b,-0.0241402660162,0.00710258920974,222,1.35135135135,-0.018018018018
Ectorhinal area,NP PPP/RSP,-0.024602646629,0.024987732973,3,1.0,0.0
Posterolateral visual area,Low quality,-0.025103266025,0.0142961882774,20,1.55,0.0
"Anterior cingulate area, ventral part",PPP,-0.0256092657988,0.0109013373187,28,1.0,0.0
Primary visual area,Low quality,-0.0257275804438,0.0125414916623,785,3.75414012739,-0.0101910828025
Visceral area,NA,-0.026615512941,0.0218504003647,1268,6.55993690852,-0.00473186119874
Temporal association areas,PG,-0.0268542071184,0.00894648704607,3,1.0,0.0
"Retrosplenial area, dorsal part",L6b/CT,-0.0278907451932,0.0328072197227,147,1.26530612245,-0.0136054421769
Ectorhinal area,TT,-0.0281571885571,0.0207958210924,4,1.0,0.0
"Primary somatosensory area, lower limb",L6b/CT,-0.0283168728818,0.0650994881352,42,1.0,0.0
"Retrosplenial area, ventral part",HIP CA3,-0.0290513267722,0.0081615649104,37,1.97297297297,0.0
"Primary somatosensory area, mouth",L6b,-0.0290875196397,0.0173541763411,833,2.3781512605,0.0120048019208
Posterolateral visual area,ENT UL,-0.0291105404549,0.0511525756004,46,2.67391304348,0.0
"Primary somatosensory area, barrel field",L6b/CT,-0.029254899345,0.0253580626997,84,1.0,-0.0119047619048
Anterolateral visual area,L6b/CT,-0.0296304110776,0.0732645936137,22,1.13636363636,0.0454545454545
Primary visual area,LA,-0.0296719297767,0.0306745146604,7,1.0,0.0
Gustatory areas,HIP CA3,-0.0296942684694,0.0154424304314,11,1.0,0.0
"Agranular insular area, posterior part",LA,-0.029824449564,0.0225612793021,44,1.04545454545,0.0
Cortical subplate,ENT UL,-0.0300146068136,0.0102877417077,3,1.0,0.0
"Primary somatosensory area, barrel field",TT,-0.0302486866713,0.0917742496545,4,1.0,0.0
Primary motor area,NP,-0.0305287317603,0.00611492611995,1270,1.49842519685,-0.0133858267717
Secondary motor area,TR,-0.0305837839842,0.0133487949298,3,1.0,0.0
"Agranular insular area, posterior part",L5 IT,-0.0307954702606,0.0570409070587,218,2.49541284404,-0.0045871559633
"Retrosplenial area, ventral part",RSP/ACA UL,-0.0313206562607,0.0227323690319,1740,9.79770114943,0.035632183908
"Primary somatosensory area, trunk",NA,-0.0315032633284,0.0188073646231,912,5.44627192982,-0.0175438596491
Primary visual area,BLA/BMA/PA,-0.0315409229997,0.0349250683674,26,1.0,0.0
Temporal association areas,NP,-0.0323020944499,0.010696088293,447,1.72483221477,-0.00447427293065
"Agranular insular area, posterior part",PPP,-0.0324846603908,0.063480611532,8,1.0,0.0
posteromedial visual area,Low quality,-0.0326095878457,0.0679317439954,48,1.97916666667,0.0
Perirhinal area,L6 IT,-0.0328573578888,0.0732286377269,42,1.04761904762,0.0238095238095
Primary motor area,NP PPP/RSP,-0.0330485611188,0.0149001197914,54,1.0,-0.0185185185185
Ectorhinal area,TR,-0.0331070167575,0.0252136628115,60,1.03333333333,-0.0166666666667
Cortical subplate,BLA/BMA/PA,-0.0335888624191,0.0553192657185,10,1.0,0.0
Ventral auditory area,PG,-0.034241550996,0.0534018013706,13,1.0,-0.0769230769231
Ventral auditory area,NP,-0.0355277610434,0.0125096989975,382,1.68062827225,0.0235602094241
Gustatory areas,PG,-0.035870552063,0.0182456970215,2,1.0,0.0
"Agranular insular area, ventral part",PIR UL,-0.0363706085805,0.058288504686,36,1.58333333333,0.0277777777778
"Primary somatosensory area, mouth",NP,-0.0366522034965,0.00896799117662,774,1.33591731266,-0.00516795865633
Gustatory areas,Unclear,-0.0368835963309,0.0770353510638,6,1.0,0.0
"Primary somatosensory area, nose",ENT ML,-0.038798604818,0.0366359141338,17,1.0,0.0
"Agranular insular area, posterior part",ENT L6b,-0.039032561006,0.0774455510547,44,1.22727272727,0.0
"Primary somatosensory area, mouth",L6 IT,-0.0392483130303,0.0164771344412,2576,3.56871118012,-0.000388198757764
Ectorhinal area,ENT L6b,-0.0395715458417,0.0124928956668,143,2.92307692308,0.00699300699301
Temporal association areas,L6b/CT,-0.0396904146852,0.0227484717921,499,3.18036072144,0.00400801603206
Supplemental somatosensory area,L6b/CT,-0.0401677842955,0.0229067808246,209,1.21052631579,-0.0334928229665
posteromedial visual area,PG,-0.040254800408,0.0586140440464,27,1.0,0.0
"Primary somatosensory area, barrel field",HIP SUB,-0.041401784867,0.016021229755,4,1.0,0.0
Lateral visual area,Low quality,-0.041928892897,0.062986648637,40,1.525,0.0
"Primary somatosensory area, nose",PPP,-0.042153780659,0.0454373483935,9,1.0,0.0
Temporal association areas,DGpo,-0.0427959651819,0.0164644303406,7,1.0,0.0
Ectorhinal area,ENT UL,-0.043041064189,0.0498948081085,13,1.15384615385,0.0769230769231
"Primary somatosensory area, trunk",L6b/CT,-0.0430474511708,0.0427797550703,33,1.21212121212,-0.030303030303
Primary motor area,L5 ET,-0.0431997709077,0.0129549619241,2035,2.42604422604,-0.00884520884521
"Primary somatosensory area, nose",L5 ET,-0.0432392219138,0.0446377240586,515,2.66019417476,0.0174757281553
corpus callosum,NP,-0.04332447052,0.0901037702084,7,4.71428571429,0.0
"Retrosplenial area, dorsal part",NA,-0.0443903196925,0.0095058870944,2523,6.63139120095,-0.00198176773682
Supplemental somatosensory area,DGgc,-0.0444356331602,0.0264916808333,10,1.0,0.0
"Anterior cingulate area, ventral part",NA,-0.044517856249,0.0177620592814,929,6.12055974166,-0.0419806243272
Supplemental somatosensory area,NP,-0.0447284555501,0.00758565780709,976,1.5737704918,-0.00512295081967
Primary motor area,L6b/CT,-0.0448385111068,0.0198929310337,82,1.35365853659,-0.0243902439024
"Retrosplenial area, lateral agranular part",Unclear,-0.045394121004,0.057576292044,35,1.0,-0.0285714285714
Ventral auditory area,NA,-0.0454735605408,0.0239063575421,1000,5.73,0.001
Secondary motor area,Unclear,-0.045884694128,0.0340699482521,21,1.04761904762,0.0
"Primary somatosensory area, nose",NA,-0.04667691984,0.0236585855568,1591,5.89314896292,-0.0201131363922
Anteromedial visual area,Low quality,-0.047069332036,0.0876045212958,23,1.21739130435,0.0
"Anterior cingulate area, dorsal part",BLA/BMA/PA,-0.0471989233047,0.00606818683445,2,1.0,0.0
Visceral area,TT,-0.0476554614226,0.026698635608,7,1.0,0.0
Supplemental somatosensory area,EPd,-0.0477928601256,0.036428287427,71,1.05633802817,-0.0281690140845
Anterolateral visual area,PIR UL,-0.047800766925,0.0365394337331,3,1.0,-0.333333333333
"Primary somatosensory area, nose",LA,-0.0485255625099,0.0367537830025,2,1.0,0.0
Lateral visual area,NA,-0.0485671282614,0.0322055133941,565,5.78053097345,-0.0159292035398
Secondary motor area,HIP CA1,-0.048777975142,0.0293768271804,2,1.0,0.0
"Retrosplenial area, ventral part",ENT ML,-0.0488203569477,0.0289424356304,41,1.0243902439,0.0
"Primary somatosensory area, unassigned",NP PPP/RSP,-0.0489322344462,0.0748418568111,9,1.0,0.0
Primary motor area,AON,-0.0496541742788,0.0251875018873,91,1.0,-0.032967032967
corpus callosum,Low quality,-0.0500726699829,0.0222748071446,6,1.66666666667,0.0
Posterior auditory area,L6 IT,-0.0520963490736,0.0740825652369,246,3.86991869919,0.0
Temporal association areas,TT,-0.0523801421368,0.0388154963526,8,1.375,0.0
"Anterior cingulate area, dorsal part",ENT ML,-0.0524654697811,0.0366483244132,58,1.0,0.0172413793103
Postrhinal area,Unclear,-0.0527386561893,0.0194890567713,11,1.0,0.0
"Primary somatosensory area, barrel field",L6 IT,-0.0542101270589,0.0170487958525,2941,3.25977558654,-0.00680040802448
Anterolateral visual area,NP PPP/RSP,-0.0545523961385,0.0146913888181,3,1.0,0.0
Lateral visual area,Car3,-0.0551970418823,0.0728561137059,236,1.6313559322,0.00847457627119
Posterior auditory area,EPd,-0.0557327535417,0.0500243392693,18,1.0,0.0
"Retrosplenial area, lateral agranular part",NP PPP/RSP,-0.0561925521843,0.0471126199773,67,1.11940298507,-0.0298507462687
Anteromedial visual area,PPP,-0.0574481328328,0.0679301949039,15,1.0,0.0
Gustatory areas,TT,-0.0576144474455,0.0358803546658,9,1.0,0.0
"Primary somatosensory area, mouth",PIR UL,-0.0576844334528,0.0222049934458,125,1.064,-0.04
Ventral auditory area,L5 ET,-0.0579377881447,0.0356683365045,513,2.89278752437,-0.0350877192982
"Primary somatosensory area, mouth",ENT ML,-0.0581134488776,0.0435327792483,31,1.0,0.0
Supplemental somatosensory area,RSP/ACA ML,-0.0586363666558,0.0357738627555,14,1.0,-0.0714285714286
Postrhinal area,PPP,-0.0589311269926,0.0680732621233,91,3.79120879121,0.0
Ventral auditory area,EPd,-0.0590857930407,0.0365425920604,138,1.23188405797,0.036231884058
Secondary motor area,L6b,-0.0599711192154,0.0196855717611,791,3.12768647282,0.00252844500632
Perirhinal area,AON,-0.0599745112525,0.0303659550053,13,1.0,0.0
Gustatory areas,EPd,-0.0600540604054,0.0303647310939,60,1.23333333333,-0.0166666666667
Perirhinal area,COA,-0.0609540408072,0.0497781422488,23,1.0,0.0
"Primary somatosensory area, lower limb",RSP/ACA UL,-0.0613208063005,0.0412656951789,16,1.0,0.0625
Temporal association areas,PPP,-0.0618207272162,0.0326904469491,23,1.0,0.0
"Primary somatosensory area, upper limb",COA,-0.0618812637404,0.0491162126615,12,1.0,0.0
"Primary somatosensory area, unassigned",L5 IT,-0.0619647986345,0.0745893272008,354,2.84463276836,-0.0169491525424
"Retrosplenial area, dorsal part",L4/5 IT,-0.0621147478153,0.0309673287457,752,4.04388297872,-0.0199468085106
Anteromedial visual area,AON,-0.0634424686432,0.13133597374,2,1.0,0.0
Visceral area,AON,-0.0645846843719,0.0195509702788,5,1.0,0.0
"Agranular insular area, posterior part",PIR UL,-0.0654793598906,0.0236527912424,94,1.1914893617,0.0212765957447
"Primary somatosensory area, unassigned",Unclear,-0.0660994847616,0.133619489678,3,1.0,0.0
Anterior area,PG,-0.0696659135752,0.0230494583891,62,1.03225806452,0.0
"Primary somatosensory area, mouth",BLAa,-0.0701802968979,0.0628541707993,2,1.0,0.0
Laterointermediate area,NP,-0.0702365734133,0.05502484401,58,2.13793103448,-0.0172413793103
Postrhinal area,Low quality,-0.0707001937768,0.0485946495481,65,1.23076923077,0.0
Temporal association areas,COA,-0.0720886088217,0.0364574185385,61,1.0,-0.0327868852459
"Agranular insular area, dorsal part",TR,-0.0724766706453,0.0504222367338,19,1.0,0.0
Anteromedial visual area,BLA/BMA/PA,-0.072516746819,0.0846006259951,4,2.0,0.0
Visceral area,BLA/BMA/PA,-0.072604528279,0.0606161970457,18,1.38888888889,0.0
Anterolateral visual area,Unclear,-0.0726737976074,0.0,1,1.0,0.0
"Retrosplenial area, dorsal part",BLAa,-0.0733769367534,0.0385958190559,11,1.0,0.0
"Primary somatosensory area, mouth",RSP/ACA ML,-0.073469111269,0.0202342920153,24,1.16666666667,0.0
Supplemental somatosensory area,Low quality,-0.0738222160771,0.0237393516419,717,3.87308228731,-0.00278940027894
"Retrosplenial area, lateral agranular part",L6b,-0.0742927757659,0.0288931820874,345,2.46956521739,-0.0173913043478
"Primary somatosensory area, trunk",EPd,-0.0745861373842,0.0292468571679,5,1.0,0.0
"Retrosplenial area, lateral agranular part",NA,-0.0751507162294,0.0163524461749,1604,5.77618453865,0.00311720698254
Ventral auditory area,BLAa,-0.0751712992787,0.0184943102507,6,1.0,0.0
"Retrosplenial area, dorsal part",PPP,-0.0752364915903,0.0431414743137,169,1.79881656805,0.00591715976331
Cortical subplate,TT,-0.0755911483429,0.0241471439349,8,1.0,0.0
"Agranular insular area, ventral part",L6 CT,-0.0758265983401,0.0418758341557,133,2.33834586466,-0.0300751879699
Ectorhinal area,BLA/BMA/PA,-0.0763527469767,0.0901579541334,49,1.18367346939,0.0408163265306
"Primary somatosensory area, unassigned",PIR UL,-0.0772973299026,0.0499603412547,4,1.0,0.0
"Retrosplenial area, ventral part",L2/3 IT,-0.0790762439979,0.0132147712677,166,1.88554216867,-0.0180722891566
Primary auditory area,Car3,-0.0795833285881,0.0318306531059,735,2.44081632653,-0.0244897959184
"Primary somatosensory area, mouth",HIP CA3,-0.0797807905409,0.0675562077937,9,1.0,0.0
"Retrosplenial area, dorsal part",RSP/ACA ML,-0.080198242701,0.0120912641597,1597,5.43706950532,-0.0262993112085
corpus callosum,PPP,-0.0815448760986,0.0,1,1.0,0.0
"Primary somatosensory area, upper limb",BLA/BMA/PA,-0.0821981628736,0.0203559920834,3,1.0,0.0
Laterointermediate area,RSP/ACA ML,-0.0826875627041,0.0175237570346,5,1.0,0.0
Visceral area,L6 CT,-0.0833269959751,0.0380001501072,678,5.57079646018,-0.00884955752212
Supplemental somatosensory area,HIP CA3,-0.0835082530975,0.0,1,1.0,0.0
"Retrosplenial area, ventral part",BLA/BMA/PA,-0.0837237869079,0.0955682671589,24,1.0,-0.0416666666667
Ectorhinal area,BA,-0.0840979288914,0.0812481509352,4,1.0,0.0
Cortical subplate,Low quality,-0.0844672499941,0.071441800618,13,1.23076923077,0.0
posteromedial visual area,ENT ML,-0.0846517902833,0.0985899207874,27,1.03703703704,0.0
Secondary motor area,NP PPP/RSP,-0.0849219537862,0.02057752562,78,1.0,0.0
Posterolateral visual area,TR,-0.0856363662082,0.0566158826312,20,1.15,0.0
Primary visual area,COA,-0.0862134336071,0.0416875016616,22,1.18181818182,0.0
Anterior area,HIP SUB,-0.0868356227875,0.0,1,1.0,0.0
"Retrosplenial area, ventral part",L6b/CT,-0.0870578629575,0.0758805403184,42,1.28571428571,0.0
Primary motor area,HIP CA1,-0.0871480505325,0.0216881901319,19,1.0,-0.0526315789474
Perirhinal area,TR,-0.0874541945539,0.0422435272571,73,1.28767123288,0.0
Postrhinal area,L5 ET,-0.0877782673139,0.0482880485528,339,3.47197640118,-0.0206489675516
Anteromedial visual area,ENT ML,-0.0883493083887,0.0357857072711,65,1.01538461538,-0.0307692307692
"Primary somatosensory area, lower limb",Low quality,-0.0889243609731,0.0261588125221,71,1.23943661972,-0.0140845070423
"Primary somatosensory area, barrel field",PPP,-0.0889339927817,0.0576014352822,18,1.0,0.0
"Primary somatosensory area, nose",BLAa,-0.0894715189934,0.0672848739236,4,1.0,0.0
"Agranular insular area, posterior part",L6b,-0.0900362458598,0.0286703279331,468,3.46581196581,0.0
cerebrum related,L6 CT,-0.0912661552429,0.0,1,2.0,0.0
Perirhinal area,PG,-0.0914779305458,0.000325977802277,2,1.0,0.0
Prelimbic area,L4/5 IT,-0.0914936065674,0.0,1,1.0,0.0
"Primary somatosensory area, upper limb",DGpo,-0.0915914575259,0.0659117964313,3,1.0,0.0
Cortical subplate,NA,-0.0932360892006,0.0688617833856,183,4.7868852459,-0.0327868852459
Anteromedial visual area,EPd,-0.0938227574031,0.00357492764795,3,1.0,0.0
Temporal association areas,EPd,-0.0951273889474,0.0228494854018,177,1.31638418079,-0.0225988700565
"Primary somatosensory area, mouth",L6 CT,-0.095846050647,0.0177965134236,2579,4.68359829391,0.00465296626599
Laterointermediate area,NA,-0.0961204938279,0.0560175741515,206,5.50485436893,0.0194174757282
Perirhinal area,RSP/ACA UL,-0.0968682203028,0.0483990228196,9,1.0,0.0
Primary motor area,ENT DL,-0.0969710625566,0.0270247359072,59,1.0,-0.0508474576271
Supplemental somatosensory area,DGpo,-0.0973428711295,0.0136504883422,6,1.0,0.0
"Primary somatosensory area, nose",L6b/CT,-0.0974838044494,0.0412012925987,30,1.0,0.0
Postrhinal area,L6 IT,-0.0978342260354,0.0395322647024,266,2.25939849624,-0.0263157894737
Ventral auditory area,RSP/ACA ML,-0.0981351911711,0.0722014213437,12,1.0,0.0
Primary motor area,RSP/ACA ML,-0.0987148003235,0.0367905031006,49,1.08163265306,-0.0408163265306
Perirhinal area,NA,-0.0998621678173,0.0510609581824,216,7.36111111111,0.0
"Primary somatosensory area, mouth",ENT UL,-0.100663805008,0.0261717268984,10,1.0,0.0
Primary motor area,EPd,-0.10117096785,0.0337930060744,27,1.03703703704,-0.0740740740741
Secondary motor area,BLAa,-0.101450139391,0.0860083294959,7,1.0,-0.142857142857
Prelimbic area,NP PPP/RSP,-0.102863430977,0.0,1,1.0,0.0
"Primary somatosensory area, upper limb",L5 IT,-0.103036076865,0.0323360794072,1190,2.68403361345,0.00672268907563
"Primary somatosensory area, unassigned",PG,-0.103571771954,0.0415367378073,18,1.0,0.0555555555556
"Retrosplenial area, dorsal part",L6b,-0.104137861021,0.0148164564003,531,1.73069679849,-0.0075329566855
Lateral visual area,L4/5 IT,-0.104172284389,0.102186681768,469,8.8933901919,-0.0511727078891
Lateral visual area,ENT DL,-0.105045749528,0.0631959343562,99,1.55555555556,0.0
"Retrosplenial area, lateral agranular part",MOB UL,-0.106840535998,0.0469820052385,2,1.0,0.0
Lateral visual area,DGgc,-0.106877708435,0.0226259951774,5,1.0,0.0
"Retrosplenial area, lateral agranular part",COA,-0.107648707181,0.0599554142493,5,1.0,0.0
Postrhinal area,L6 CT,-0.10810357438,0.0859582884747,208,3.98076923077,0.0
"Agranular insular area, posterior part",AON,-0.108539087061,0.0946979056729,34,1.0,-0.0588235294118
Anterior area,RSP/ACA UL,-0.109111546754,0.0572512935125,39,1.0,-0.102564102564
Supplemental somatosensory area,RSP/ACA UL,-0.112353335426,0.0258916347375,32,1.0,-0.03125
Posterior auditory area,Low quality,-0.113580703735,0.215446700981,3,2.33333333333,0.0
Perirhinal area,L5 IT,-0.114516345828,0.0688245801773,53,1.45283018868,-0.0566037735849
Posterior auditory area,ENT ML,-0.115281539579,0.066688715568,31,1.16129032258,0.0
Visceral area,LA,-0.115301051736,0.0682727853584,5,1.0,0.0
"Primary somatosensory area, nose",NP,-0.116038722001,0.0204818986958,344,1.52034883721,-0.0290697674419
"Primary somatosensory area, barrel field",L5 IT,-0.117493188534,0.0203665354183,1578,2.80038022814,-0.0285171102662
Anterior area,ENT DL,-0.117693365584,0.0272215767496,29,1.13793103448,-0.0689655172414
Supplemental somatosensory area,L5 IT,-0.118249451793,0.0175792369208,1622,2.78853267571,-0.0141800246609
"Primary somatosensory area, nose",PIR UL,-0.119977327064,0.0414308271283,63,1.07936507937,0.0
"Anterior cingulate area, ventral part",L6 CT,-0.120104682153,0.040965734059,403,6.14888337469,-0.0719602977667
Visceral area,BLAa,-0.120353862643,0.0,1,1.0,0.0
Gustatory areas,L6 CT,-0.120889228237,0.0476359476027,562,4.65480427046,-0.0106761565836
Perirhinal area,ENT DL,-0.120942192351,0.0831604971599,145,4.15862068966,-0.048275862069
Visceral area,Low quality,-0.121138231082,0.0293104331843,172,1.85465116279,0.0
"Retrosplenial area, dorsal part",HIP SUB,-0.121611722066,0.0710941970523,35,1.22857142857,0.0
Anterior area,ENT UL,-0.121708393097,0.0252808400644,4,1.0,0.0
Postrhinal area,ENT DL,-0.12186556243,0.0340091325145,347,2.8818443804,-0.0028818443804
Ventral auditory area,LA,-0.124066798355,0.0779502687008,11,1.0,0.0
Posterolateral visual area,PIR UL,-0.124520251132,0.10066345245,24,1.41666666667,0.0
Supplemental somatosensory area,L6 CT,-0.125421811047,0.0133037180333,3857,4.7420274825,-0.00648172154524
Supplemental somatosensory area,PG,-0.126014599514,0.0299162946989,122,1.05737704918,-0.00819672131148
Prelimbic area,NP,-0.126941077411,0.199622855131,4,2.25,0.0
"Retrosplenial area, lateral agranular part",L2/3 IT,-0.127131751678,0.0462275956568,943,7.39978791092,-0.0286320254507
Rostrolateral visual area,AON,-0.129063260342,0.0397003665298,7,1.0,0.0
Perirhinal area,BLA/BMA/PA,-0.129445054265,0.0371899926874,43,1.0,0.0
posteromedial visual area,L6b,-0.129494450503,0.0372234474038,208,1.79326923077,0.00480769230769
"Retrosplenial area, ventral part",L6 CT,-0.131671957608,0.0152481583644,752,3.27127659574,-0.031914893617
"Primary somatosensory area, unassigned",L6b,-0.132126952041,0.077742154623,190,2.46842105263,-0.0157894736842
Dorsal auditory area,ENT L6b,-0.132447564602,0.0805519187092,5,1.0,0.0
Anteromedial visual area,PG,-0.132971080346,0.103276315103,20,1.15,0.0
Supplemental somatosensory area,L5 ET,-0.133847001736,0.0207412258397,1354,2.66912850812,-0.02658788774
posteromedial visual area,L6 CT,-0.135473295795,0.069829247575,430,7.16279069767,0.0209302325581
Ectorhinal area,RSP/ACA ML,-0.135492259898,0.0528759515619,16,1.0,0.0
Primary auditory area,TR,-0.135826940316,0.047810661305,5,1.0,-0.4
"Retrosplenial area, ventral part",L5 IT,-0.136076323218,0.0195433068776,120,1.25,0.00833333333333
Anterior area,EPd,-0.13619713299,0.0213252586473,8,1.0,0.0
"Primary somatosensory area, unassigned",ENT UL,-0.138868737221,0.0321899187579,5,1.0,0.0
Lateral visual area,L5 ET,-0.1406642928,0.0831961142706,245,3.17959183673,-0.0612244897959
"Anterior cingulate area, ventral part",L5 IT,-0.142741833889,0.0256729925245,418,2.46650717703,-0.0454545454545
"Anterior cingulate area, dorsal part",PPP,-0.143955551576,0.066423218184,21,1.0,0.0
Posterior auditory area,BLA/BMA/PA,-0.14436006546,0.0600090228815,3,1.0,0.0
Posterior auditory area,PIR UL,-0.14474773407,0.0197405815125,2,1.0,0.0
Dorsal auditory area,ENT ML,-0.146598973079,0.0521834682595,32,1.0,0.0
"Primary somatosensory area, nose",RSP/ACA ML,-0.147247513795,0.0458930495493,12,1.0,0.0
Anteromedial visual area,NP PPP/RSP,-0.147544657642,0.12414174727,11,1.0,0.0
Dorsal auditory area,EPd,-0.14868172371,0.106158519756,33,1.06060606061,0.0
"Anterior cingulate area, ventral part",PG,-0.149452495575,0.0406198477441,5,1.0,0.0
Cortical subplate,Unclear,-0.150627393275,0.0801076661083,4,1.0,0.0
"Anterior cingulate area, ventral part",L6 IT,-0.151636771775,0.0251979446963,562,3.7384341637,-0.0533807829181
Ectorhinal area,L6 IT,-0.15227969172,0.0298452749492,255,1.55294117647,-0.0196078431373
Posterolateral visual area,NP PPP/RSP,-0.152324595774,0.157992090393,20,1.0,0.0
"Retrosplenial area, lateral agranular part",TR,-0.153092254292,0.126015332401,11,1.0,0.0
Ectorhinal area,EPd,-0.153275661651,0.0423407975754,255,2.56078431373,-0.0196078431373
Primary motor area,TT,-0.15341565609,0.0394238439293,5,1.0,0.0
Prelimbic area,HIP SUB,-0.153805226088,0.0,1,1.0,0.0
Temporal association areas,L6 CT,-0.154004103309,0.0475695929659,366,3.70765027322,-0.0245901639344
"Retrosplenial area, dorsal part",L5 IT,-0.154063231313,0.017435245281,945,2.00317460317,-0.0296296296296
Primary auditory area,L5 IT,-0.154196985735,0.0290152079806,609,2.20689655172,-0.00328407224959
Anterior area,PPP,-0.154323944822,0.0878508106516,8,1.0,0.0
Postrhinal area,AON,-0.15467026333,0.0717733002867,9,1.0,-0.111111111111
Primary visual area,TR,-0.155169074734,0.0380850220396,24,1.04166666667,0.0
"Primary somatosensory area, lower limb",RSP/ACA ML,-0.155228239341,0.0741640433986,26,1.0,0.0769230769231
"Agranular insular area, posterior part",PG,-0.155629839216,0.0556139576649,7,1.0,0.0
Anteromedial visual area,PIR UL,-0.156025988936,0.0362260817309,41,1.14634146341,0.0
"Primary somatosensory area, mouth",PPP,-0.156214643684,0.0500477475188,9,1.0,-0.111111111111
Posterior auditory area,NA,-0.15693363274,0.0378779267152,353,5.14447592068,-0.00849858356941
Anterolateral visual area,Car3,-0.158437813854,0.103557164972,198,1.72727272727,-0.0151515151515
"Primary somatosensory area, lower limb",ENT ML,-0.159127431568,0.0663516391512,25,1.12,0.0
Visceral area,ENT ML,-0.160638251088,0.0746914178122,22,1.0,0.0
Posterolateral visual area,Unclear,-0.162381470203,0.187972724438,2,1.0,0.0
cerebrum related,L5 ET,-0.162661135197,0.336584180024,8,5.75,0.0
"Primary somatosensory area, trunk",RSP/ACA ML,-0.163854341684,0.080810449223,14,1.0,-0.0714285714286
Rostrolateral visual area,L6b,-0.164216488262,0.0402634561359,153,2.07843137255,-0.0261437908497
Postrhinal area,L5 IT,-0.164970607682,0.0351070086766,278,1.96043165468,-0.0575539568345
"Anterior cingulate area, ventral part",Car3,-0.165398360123,0.0429482259991,26,1.0,0.0
Rostrolateral visual area,RSP/ACA ML,-0.16796358385,0.0392854236938,9,1.0,-0.111111111111
Lateral visual area,PIR UL,-0.17100882574,0.0686959718984,17,1.58823529412,-0.0588235294118
"Primary somatosensory area, unassigned",RSP/ACA UL,-0.173149883747,0.0558457406789,4,1.0,0.0
Anterior area,L6b/CT,-0.174381041988,0.0491957370368,21,1.0,0.0
"Primary somatosensory area, upper limb",RSP/ACA ML,-0.176457609449,0.110642043759,7,1.0,0.142857142857
Postrhinal area,L2/3 IT,-0.176804186083,0.0676100731449,530,9.2320754717,-0.00377358490566
Temporal association areas,NA,-0.177035165793,0.0203913787123,1258,6.26470588235,-0.0206677265501
Perirhinal area,LA,-0.17891561985,0.0751378923128,5,1.0,0.0
"Retrosplenial area, lateral agranular part",AON,-0.179048657417,0.0,1,1.0,0.0
posteromedial visual area,Unclear,-0.180171661652,0.0793641272143,13,1.0,0.0
"Anterior cingulate area, ventral part",Unclear,-0.18064217695,0.0816458375265,18,1.0,-0.0555555555556
"Retrosplenial area, lateral agranular part",LA,-0.181679195828,0.0711465048474,9,1.0,0.0
"Agranular insular area, posterior part",ENT ML,-0.183481448563,0.10119485609,18,1.0,0.0
"Retrosplenial area, ventral part",EPd,-0.183576600743,0.0660671422871,28,1.17857142857,0.0
Lateral visual area,LA,-0.185456502438,0.038722748161,5,1.0,0.0
Ectorhinal area,L6 CT,-0.185527985882,0.0369389340277,131,1.68702290076,-0.030534351145
Temporal association areas,RSP/ACA ML,-0.185754859134,0.057352885973,19,1.0,-0.0526315789474
"Anterior cingulate area, ventral part",L2/3 IT,-0.188050220829,0.0428403443887,482,7.32157676349,-0.0145228215768
"Retrosplenial area, ventral part",TT,-0.188178684935,0.153967777873,5,1.0,-0.2
Anteromedial visual area,HIP CA3,-0.188526767306,0.207867290124,8,1.25,0.0
"Primary somatosensory area, mouth",TR,-0.189130093281,0.179461673363,3,2.0,0.0
Temporal association areas,PIR UL,-0.19087605583,0.0538493481762,45,1.0,0.0
Visceral area,PG,-0.19248187542,0.092626987267,12,1.0,0.0
"Agranular insular area, dorsal part",PIR UL,-0.197785690556,0.0903030205302,14,1.0,-0.142857142857
"Agranular insular area, ventral part",TT,-0.199770450592,0.00135326385498,2,1.0,0.0
Visceral area,ENT L6b,-0.200783870541,0.0756435560019,26,1.0,-0.0384615384615
cerebrum related,RSP/ACA UL,-0.200963020325,0.322903819252,3,4.66666666667,0.0
"Retrosplenial area, ventral part",L6 IT,-0.202127736596,0.0172718402054,540,2.01481481481,-0.0240740740741
Supplemental somatosensory area,L4/5 IT,-0.203904321238,0.0306571506417,3690,10.2753387534,-0.0105691056911
Dorsal auditory area,RSP/ACA ML,-0.204270005226,0.0470562836519,4,1.0,0.0
"Agranular insular area, posterior part",L5 ET,-0.206100472255,0.0468705291579,372,4.27419354839,-0.00537634408602
Primary auditory area,ENT L6b,-0.208697187994,0.0908802155058,5,1.0,0.0
Anterolateral visual area,COA,-0.210220068693,0.0252312043796,4,1.0,-0.25
"Primary somatosensory area, trunk",HIP CA1,-0.210290503502,0.0554970196112,5,1.0,0.0
"Anterior cingulate area, ventral part",PIR UL,-0.212866896595,0.0820333519896,61,1.0,0.0
posteromedial visual area,EPd,-0.214884151112,0.0415320810804,11,1.0,0.0
posteromedial visual area,L6 IT,-0.215537906223,0.0498339252304,434,3.20506912442,-0.0115207373272
"Retrosplenial area, lateral agranular part",Car3,-0.215906749731,0.0688338061519,74,1.02702702703,0.027027027027
Ventral auditory area,AON,-0.215997604223,0.136419587294,13,1.0,0.0
Anterior area,TT,-0.216792869297,0.0507345918269,11,1.81818181818,-0.0909090909091
Laterointermediate area,ENT DL,-0.218492537465,0.101221120725,65,1.84615384615,-0.0153846153846
Ventral auditory area,ENT DL,-0.223285952039,0.0509176819281,163,2.06134969325,-0.0552147239264
"Primary somatosensory area, nose",RSP/ACA UL,-0.225564103574,0.0296803006139,16,1.0,0.0
"Primary somatosensory area, unassigned",L6 IT,-0.227221300471,0.0562044965522,562,3.13523131673,-0.0106761565836
Perirhinal area,L4/5 IT,-0.233728505424,0.100713380476,85,2.0,-0.0117647058824
Posterolateral visual area,L2/3 IT,-0.23420180132,0.160272362906,105,6.98095238095,-0.0285714285714
Cortical subplate,L6b/CT,-0.234493551556,0.0512305701965,144,3.02083333333,-0.0694444444444
"Primary somatosensory area, lower limb",ENT DL,-0.237804538291,0.0983563402401,10,1.0,0.0
Postrhinal area,BLAa,-0.23870219807,0.133944353721,18,1.72222222222,-0.222222222222
Ventral auditory area,L6 IT,-0.239483312687,0.0393779619642,618,3.06957928803,-0.0129449838188
"Retrosplenial area, dorsal part",L2/3 IT,-0.240955701168,0.0315822817445,983,4.37538148525,-0.030518819939
Primary auditory area,ENT DL,-0.241705068968,0.126001246804,26,1.15384615385,0.0
Cortical subplate,COA,-0.241848362817,0.026110272007,9,1.0,0.0
Secondary motor area,COA,-0.242645013332,0.0796610657906,5,1.0,0.0
Cortical subplate,HIP CA3,-0.245982629061,0.121982612582,5,1.0,0.0
"Primary somatosensory area, upper limb",ENT UL,-0.247586803744,0.0877114910019,12,1.0,-0.166666666667
Ectorhinal area,L4/5 IT,-0.248190465363,0.0921693935184,376,6.18085106383,-0.0186170212766
Posterolateral visual area,ENT ML,-0.248307135204,0.098745394128,80,4.9625,-0.075
"Agranular insular area, posterior part",BA,-0.248664461076,0.213220991194,2,1.0,0.0
posteromedial visual area,HIP CA1,-0.249090269208,0.0433374906162,3,1.0,0.0
posteromedial visual area,Car3,-0.252221444937,0.0751374008472,65,1.09230769231,0.0
Primary motor area,RSP/ACA UL,-0.254139439704,0.0566906731485,79,1.83544303797,-0.0759493670886
Secondary motor area,RSP/ACA UL,-0.255704151892,0.0762643055384,339,5.86135693215,-0.0648967551622
"Primary somatosensory area, nose",Low quality,-0.260610142228,0.0531835870117,113,2.6814159292,0.0
Anteromedial visual area,TR,-0.263053800807,0.0791482217528,18,1.0,0.0
"Primary somatosensory area, barrel field",COA,-0.264315790807,0.14311934273,12,1.0,0.0
Perirhinal area,Low quality,-0.266833354033,0.0841030317576,19,2.78947368421,0.0526315789474
Endopiriform nucleus,NA,-0.272313952446,0.205851009662,4,4.0,0.0
"Primary somatosensory area, trunk",L5 IT,-0.272338197792,0.0502781300465,453,4.78366445916,-0.0331125827815
"Primary somatosensory area, trunk",BLAa,-0.273936414719,0.0440916418064,5,1.0,0.0
Ectorhinal area,L6b/CT,-0.277985738225,0.0414551994899,270,3.86296296296,-0.0777777777778
Posterior auditory area,L4/5 IT,-0.280341285943,0.124843135396,332,9.80120481928,0.0
Temporal association areas,L6 IT,-0.281531040371,0.0443964641375,555,2.65225225225,-0.0468468468468
"Primary somatosensory area, unassigned",NA,-0.281747842518,0.0397618553255,672,6.00446428571,-0.0282738095238
Rostrolateral visual area,ENT ML,-0.286964178939,0.0844707282594,24,1.0,0.0
"Primary somatosensory area, nose",NP PPP/RSP,-0.289448181788,0.0224975174477,6,1.0,0.0
"Primary somatosensory area, mouth",NP PPP/RSP,-0.290896594524,0.127787075787,12,1.0,0.0
"Retrosplenial area, dorsal part",TT,-0.293665409088,0.0,1,1.0,0.0
Postrhinal area,Car3,-0.295246213177,0.0717858859525,207,1.87922705314,-0.024154589372
"Agranular insular area, ventral part",LA,-0.30245447283,0.220569031419,3,1.0,0.0
Visceral area,L2/3 IT,-0.303153985127,0.0620092030737,745,7.26308724832,0.0402684563758
Perirhinal area,L6b,-0.303706454755,0.115029568359,53,4.94339622642,-0.0754716981132
Cortical subplate,L5 IT,-0.306500719239,0.0999129955064,12,2.0,-0.166666666667
"Retrosplenial area, ventral part",ENT DL,-0.306721735624,0.0476281353467,61,5.34426229508,0.0
"Retrosplenial area, lateral agranular part",L5 IT,-0.307254370996,0.029541348918,1190,4.22857142857,-0.0201680672269
"Agranular insular area, posterior part",Car3,-0.307786261706,0.0501977575004,551,3.48457350272,-0.032667876588
Dorsal auditory area,ENT DL,-0.31371085979,0.0908426354073,10,1.0,0.0
Prelimbic area,L6b,-0.315488987244,0.101312052387,13,3.0,0.0
"Primary somatosensory area, unassigned",ENT ML,-0.319029211998,0.0427717208334,4,2.0,0.0
"Primary somatosensory area, lower limb",Car3,-0.321588924155,0.107857468618,12,1.0,-0.0833333333333
"Primary somatosensory area, trunk",NP PPP/RSP,-0.321931889789,0.135625237139,11,1.0,0.0
"Primary somatosensory area, unassigned",L6b/CT,-0.324691027403,0.126459216476,8,1.0,-0.125
Lateral visual area,NP PPP/RSP,-0.325267304977,0.0947548186808,6,1.0,0.0
"Retrosplenial area, lateral agranular part",Low quality,-0.325725226107,0.0421648731525,326,4.10736196319,-0.0184049079755
Anterior area,RSP/ACA ML,-0.326780690249,0.0958366019795,12,1.0,-0.166666666667
Postrhinal area,L4/5 IT,-0.328286649262,0.08108928885,465,6.78709677419,-0.0537634408602
Gustatory areas,ENT DL,-0.328941704615,0.0665669158664,124,1.68548387097,-0.0645161290323
Cortical subplate,NP,-0.334675313905,0.0420224332347,44,1.52272727273,-0.113636363636
"Primary somatosensory area, barrel field",RSP/ACA UL,-0.337591935298,0.146679053956,16,1.0,0.0625
Gustatory areas,BLAa,-0.345716059208,0.102582010344,11,1.0,-0.0909090909091
Primary visual area,Car3,-0.346282420011,0.028361959511,662,1.46827794562,-0.0740181268882
posteromedial visual area,ENT DL,-0.347377473281,0.102650347316,18,1.0,0.0
"Anterior cingulate area, dorsal part",RSP/ACA UL,-0.351343849065,0.0854951482095,295,6.97288135593,-0.00677966101695
Dorsal auditory area,RSP/ACA UL,-0.354226687125,0.214206523439,7,1.71428571429,0.0
"Agranular insular area, posterior part",L2/3 IT,-0.35524764977,0.0537776596563,704,8.13210227273,-0.0383522727273
Temporal association areas,AON,-0.358698835463,0.103692108908,14,1.0,0.0
Rostrolateral visual area,Car3,-0.373661035168,0.083926527794,181,1.38121546961,-0.127071823204
Anteromedial visual area,COA,-0.375750899315,0.00180947780609,2,1.0,0.0
Ventral auditory area,L2/3 IT,-0.392192323552,0.0762828026592,741,8.31309041835,-0.00539811066127
Prelimbic area,TR,-0.393544793129,0.0170034170151,2,1.0,0.0
Prelimbic area,NA,-0.395587527255,0.17633437905,15,5.13333333333,-0.133333333333
posteromedial visual area,ENT L6b,-0.408119082451,0.0244887808702,4,1.0,0.0
Endopiriform nucleus,L6 IT,-0.410830974579,0.2020611763,2,1.5,0.0
"Primary somatosensory area, unassigned",L5 ET,-0.421181917216,0.086841272618,289,3.01730103806,-0.0449826989619
"Primary somatosensory area, mouth",ENT DL,-0.423570632935,0.0,1,1.0,0.0
Gustatory areas,BLA/BMA/PA,-0.423841404915,0.0506700159032,5,1.0,0.0
"Anterior cingulate area, ventral part",RSP/ACA UL,-0.432373102472,0.061695029143,320,7.50625,-0.13125
"Agranular insular area, posterior part",L4/5 IT,-0.445545837744,0.0671047934007,733,7.58390177353,-0.0300136425648
cerebrum related,NP,-0.445898532867,0.0955775681853,8,9.625,0.0
Endopiriform nucleus,L2/3 IT,-0.460653622945,0.377459546576,3,6.0,0.0
Rostrolateral visual area,TR,-0.470029473305,0.0517283678055,2,1.0,0.0
posteromedial visual area,PIR UL,-0.470771408081,0.0463384420446,5,1.0,0.0
Temporal association areas,L4/5 IT,-0.476040616089,0.0630274374473,939,6.898828541,-0.0362087326944
Supplemental somatosensory area,L2/3 IT,-0.479082358179,0.025168795284,3827,9.39717794617,-0.0624510060099
Rostrolateral visual area,NP PPP/RSP,-0.479776891795,0.16660107419,11,1.0,0.0
Anterolateral visual area,AON,-0.489166003059,0.193503963068,11,1.0,0.0
"Agranular insular area, posterior part",L6 CT,-0.497477592676,0.0512892792898,286,3.36013986014,-0.0384615384615
Perirhinal area,EPd,-0.513937209014,0.119197335168,35,1.08571428571,-0.171428571429
"Primary somatosensory area, nose",L4/5 IT,-0.514114956823,0.0696875716731,1287,10.8616938617,-0.043512043512
Gustatory areas,L5 IT,-0.518207757817,0.0599716137455,294,2.3843537415,-0.0680272108844
"Retrosplenial area, dorsal part",AON,-0.522823905945,0.0531654976277,5,1.0,0.0
Perirhinal area,L6 CT,-0.537355676293,0.0493338314161,8,1.0,0.0
corpus callosum,RSP/ACA ML,-0.604558127267,0.266315124415,7,8.42857142857,0.0
Anteromedial visual area,Car3,-0.610301355707,0.128478777432,30,1.0,-0.0333333333333
Anteromedial visual area,HIP SUB,-0.615569056477,0.338724034736,4,1.0,0.0
Cortical subplate,L5 ET,-0.626298431288,0.117712307123,50,4.3,-0.22
Posterolateral visual area,Car3,-0.638359393392,0.115797541617,14,1.42857142857,0.0
Cortical subplate,ENT DL,-0.651088137552,0.108852261825,45,2.71111111111,-0.266666666667
"Primary somatosensory area, unassigned",ENT DL,-0.709524393082,0.218847653261,4,2.0,0.0
Ectorhinal area,Car3,-0.745029088883,0.0753215997019,305,3.52786885246,-0.104918032787
Cortical subplate,L6 CT,-0.751406334839,0.107844230823,71,2.95774647887,-0.0704225352113
Cortical subplate,L2/3 IT,-0.785148398054,0.0987696290944,107,4.48598130841,-0.0934579439252
"Retrosplenial area, lateral agranular part",PPP,-0.787923587952,0.237282351796,48,2.22916666667,0.0
Laterointermediate area,AON,-0.799164158106,0.301604906866,5,1.0,-0.2
Posterior auditory area,Car3,-0.815201300095,0.0815388659659,166,2.27710843373,-0.0301204819277
Posterolateral visual area,ENT L6b,-0.855499469241,0.316283200072,15,2.6,-0.0666666666667
Anterior area,Car3,-0.878440316005,0.32598811766,22,1.0,-0.0454545454545
Anteromedial visual area,HIP CA1,-0.889074921608,0.0424591302872,2,1.0,0.0
"Primary somatosensory area, nose",L2/3 IT,-0.971988664171,0.0619893905178,1119,9.79892761394,-0.142091152815
Endopiriform nucleus,L6b/CT,-0.99514400959,0.473874650481,4,5.75,0.0
Perirhinal area,Unclear,-1.02510212362,0.38724600204,5,1.0,-0.2
corpus callosum,L5 ET,-1.09261648996,0.331323909351,7,5.71428571429,0.0
Prelimbic area,L6 CT,-1.12808508923,0.497332195457,15,9.8,-0.2
Primary visual area,PPP,-1.4222806962,0.255434730147,43,2.53488372093,-0.0232558139535
Cortical subplate,L4/5 IT,-1.58478780613,0.176231054587,72,4.05555555556,-0.125
